customerID,tenure,MonthlyCharges,TotalCharges,Contract,Churn
6022-TRXC,52,100.15,1605.82,Month-to-month,Yes
4025-AFQO,15,115.96,1558.6,Two year,No
2580-USIE,72,68.79,2802.65,One year,Yes
9300-WPUS,61,30.97,3496.67,Two year,No
5935-VQWP,21,74.8,6664.5,Two year,No
7022-CGCH,24,65.44,1047.14,Month-to-month,No
6332-GYQP,3,104.44,5905.91,Month-to-month,Yes
1713-ZQOR,22,29.81,4298.49,One year,Yes
8720-IGFY,53,68.82,2374.77,One year,No
8363-XLGG,2,35.0,3993.27,One year,No
5258-KFZN,30,52.47,2469.54,Two year,No
0016-UKBJ,38,93.74,4809.05,Month-to-month,Yes
9598-ASRN,2,67.6,3527.37,Month-to-month,No
2614-LYWG,64,57.59,1398.8,Month-to-month,No
5198-HQPD,60,59.45,1021.01,One year,No
7575-AIAY,21,65.94,4418.9,Month-to-month,Yes
8830-WYCM,33,98.5,7229.06,Month-to-month,No
0771-MOGW,58,109.21,2817.27,Month-to-month,No
4257-FIZQ,22,115.53,5890.7,One year,No
4512-IPFF,49,98.69,5303.42,Month-to-month,No
0629-WBGR,59,51.54,7459.28,One year,Yes
2195-MUUE,42,88.81,6585.75,Month-to-month,No
0444-SRZC,60,63.76,4576.18,Month-to-month,No
4382-ELKH,15,45.47,5290.54,Month-to-month,No
2948-OBZV,62,104.09,7197.25,One year,No
9981-MFKB,62,23.84,3256.2,One year,No
3927-LKYZ,47,110.18,2681.68,Month-to-month,No
5712-ZPOT,62,66.15,185.41,Two year,No
0558-EYCE,51,83.72,6629.75,One year,No
5621-XGPQ,55,85.94,6427.75,One year,No
4559-FSGK,64,109.51,925.19,Month-to-month,Yes
6237-BLZZ,3,83.67,4657.17,Two year,No
0229-WWJE,51,81.39,3765.46,Month-to-month,No
8769-RAVH,7,26.67,1037.8,One year,No
6911-COHP,21,71.84,7846.49,One year,No
7262-MXVC,39,35.02,1796.1,Month-to-month,No
4207-QGTO,18,93.74,631.15,Month-to-month,No
4008-XOVP,4,71.22,4799.29,Two year,Yes
1138-UWXF,60,88.02,5937.05,Two year,Yes
2178-KQEY,14,24.17,356.3,One year,No
8988-ATIY,9,28.48,5303.87,Two year,Yes
8882-UCWW,53,91.63,4305.11,Two year,No
2843-UFAF,2,27.21,915.79,One year,No
3892-QKZN,60,27.13,1462.94,One year,No
9191-ZGCL,71,21.21,4587.0,One year,Yes
7365-KOGS,44,115.65,2441.23,One year,No
0957-TRJB,8,93.75,7512.69,Month-to-month,Yes
6338-SHIK,47,55.33,6568.05,One year,No
4214-YRXQ,35,49.65,7870.18,One year,No
3502-LPRM,36,54.97,2151.4,One year,No
4249-UECN,50,97.47,7760.82,Two year,No
6387-RFFA,4,86.14,3506.75,One year,Yes
2480-KQFS,2,38.52,2845.4,Month-to-month,No
4260-TUCL,6,37.41,497.76,Month-to-month,Yes
1950-GWLU,54,29.84,516.85,One year,No
6959-XPSN,4,86.03,5566.89,Month-to-month,Yes
8587-MGGQ,54,96.44,3717.64,Two year,No
7562-CHHI,63,46.5,1889.52,One year,No
5126-SBKO,18,22.09,4950.37,Month-to-month,No
4249-PSWT,44,28.22,2097.58,Month-to-month,No
3037-WYKT,34,116.79,4663.29,One year,No
5622-LAIR,62,49.54,2937.75,Month-to-month,Yes
4141-QAKO,14,96.92,6606.06,One year,No
0614-BJFI,48,82.47,6583.5,Month-to-month,Yes
7378-GCAO,15,58.19,3871.07,Two year,No
9367-QTYF,72,40.57,2871.47,Month-to-month,No
0116-OFST,62,32.14,2964.22,Month-to-month,No
1671-VZCA,40,81.5,6465.14,One year,No
3693-SBRQ,53,97.46,2692.62,Month-to-month,No
1786-DZUJ,24,84.39,1751.57,One year,No
4353-WVCY,26,73.03,769.04,Two year,Yes
6874-TZHV,60,24.2,3786.88,One year,No
5447-GWVC,41,116.85,3908.84,One year,No
8246-JAWE,29,99.87,6743.18,Month-to-month,No
2738-SHAY,15,49.28,1847.79,Two year,No
0747-RQMU,45,118.0,3109.83,One year,Yes
0263-PMNL,65,80.19,6486.41,Month-to-month,No
7372-GDFD,71,78.24,6606.63,Month-to-month,No
5712-MSZN,9,94.81,3138.43,One year,Yes
2112-EANH,1,101.18,3727.08,Month-to-month,No
9561-WMWO,8,85.65,2495.96,One year,No
4410-YMVK,63,32.81,7467.18,One year,No
0601-OHZD,11,53.83,1037.29,One year,No
7672-NLLW,8,112.81,7476.62,Two year,No
9366-TYFF,35,42.46,5502.54,One year,No
6110-ALPH,35,57.22,4299.42,Month-to-month,No
2774-RYUQ,33,63.21,358.01,Two year,No
6945-QXVB,5,63.94,3857.21,Month-to-month,Yes
1375-HDRS,41,81.29,3321.21,Two year,No
9540-BLIG,28,114.31,1373.63,Two year,No
0985-YZRH,7,44.07,5285.64,Two year,No
0746-XEPQ,72,32.15,7772.09,Two year,No
4033-RWIS,12,39.75,4541.29,Month-to-month,No
2985-LIIZ,34,108.69,5746.55,One year,Yes
4596-OKEJ,33,84.58,640.76,Month-to-month,No
7672-OYLS,48,48.59,3399.57,One year,No
1962-EOOC,23,101.59,1019.23,Month-to-month,No
9941-VMSN,62,106.14,4941.09,Two year,No
2892-OJXN,37,104.65,7514.01,Two year,No
8827-KYNV,44,111.89,5328.04,One year,No
2259-MDOI,35,45.22,706.74,One year,No
5543-ESOG,65,95.5,2901.86,Month-to-month,Yes
7077-VKRV,47,66.05,4450.24,One year,No
9405-PWWL,3,104.2,3285.34,Month-to-month,No
5474-REMZ,1,92.85,6685.79,One year,No
3668-WWJI,5,97.64,6535.9,One year,No
7780-BQXZ,14,85.62,4933.47,One year,No
7406-WLSX,27,37.74,3050.32,Two year,No
0723-DNOU,9,74.5,2117.16,Two year,Yes
1086-GXDL,15,118.47,936.41,Month-to-month,No
2208-XREL,42,113.74,2903.69,One year,No
3564-GVFK,51,24.32,3364.06,Month-to-month,No
4255-ZHZR,63,36.48,5439.0,One year,No
2567-BPMX,52,33.17,5299.46,Two year,Yes
2763-QQRS,4,92.6,653.85,Two year,Yes
6869-QILP,23,101.78,3222.55,One year,Yes
7027-EDOZ,15,41.35,1536.05,One year,No
5982-VMUT,43,70.59,1338.82,Two year,Yes
3191-ZWSZ,29,104.07,6635.69,Two year,No
9837-ANLR,36,93.28,431.13,Month-to-month,No
6589-CGAW,13,74.22,3411.54,Two year,No
5920-VXHK,32,79.03,1428.81,One year,No
1934-CXDL,71,70.84,7046.71,Month-to-month,No
6794-TEKC,59,49.75,4500.62,One year,Yes
4490-JLYW,28,76.5,1927.91,Month-to-month,No
0659-JKED,66,88.89,4069.18,One year,No
8466-PAUG,42,107.33,5878.74,Two year,No
1507-FFWI,45,83.63,7669.13,One year,No
1908-DDGE,62,96.11,1841.52,Month-to-month,No
6007-GIEB,57,36.01,7100.84,One year,Yes
7574-UNCN,6,66.16,7481.0,Month-to-month,No
9078-NLZB,28,20.93,7339.72,One year,No
4464-XBCP,28,44.67,5119.77,Two year,No
0265-IZNL,44,92.65,5075.58,Two year,No
6078-QTSF,30,119.18,3285.36,One year,No
4234-KCLR,62,29.92,6043.94,One year,No
3190-VCCT,62,60.15,4297.22,One year,No
8555-IDJR,1,100.01,5451.76,Month-to-month,No
7879-PJPF,27,40.4,3484.82,One year,No
6218-JTOU,62,75.51,5878.82,One year,Yes
8986-QAYV,3,93.31,6613.32,Month-to-month,No
2173-IAWO,70,81.6,1256.85,Two year,No
4160-TFKI,72,38.8,6680.14,One year,Yes
3775-CBEQ,27,55.54,4368.34,One year,Yes
6264-LHTC,9,98.38,6772.86,Two year,Yes
4264-RBKP,62,75.42,3507.28,Two year,Yes
0321-GIAT,37,20.52,3094.42,Month-to-month,No
1375-VUBW,51,96.1,7328.98,One year,No
0098-OOSK,44,23.53,2084.24,One year,No
1038-QVXC,24,94.57,6769.28,Month-to-month,No
8255-KIII,59,40.25,3923.76,Two year,No
1515-XJSV,32,115.81,4161.35,Month-to-month,Yes
8211-PTRE,52,56.79,2536.9,Two year,No
7477-LYOQ,62,52.69,4627.03,Month-to-month,No
6861-BLHH,58,34.89,2669.17,Two year,No
0534-BVBW,52,50.56,410.23,Month-to-month,No
8654-OUXL,12,107.67,2248.79,Two year,No
8634-DBCX,39,119.63,150.39,Two year,Yes
3751-GLLN,2,56.83,7829.0,Two year,No
1324-IPUQ,3,64.86,7729.4,Two year,No
0062-SRXW,56,92.21,3221.73,Two year,No
3513-ZSKP,59,108.62,5854.13,One year,No
9337-VRVT,2,79.3,2831.87,Two year,Yes
6564-JJEF,2,59.15,5401.64,One year,No
9421-CVCU,54,61.26,6462.9,Two year,Yes
8803-TDJE,1,89.56,7579.37,One year,No
8781-LKRG,19,20.32,3261.68,One year,No
4274-NIVM,2,81.96,6288.05,Month-to-month,No
8399-MHJN,53,55.55,2200.83,Two year,Yes
9881-GQWO,44,99.42,7923.63,Month-to-month,No
1882-THXD,32,29.3,303.58,Month-to-month,No
4924-JABN,70,78.82,4867.88,Two year,No
2930-YVQU,32,68.1,5310.1,Month-to-month,Yes
1286-DSLA,68,84.23,5535.56,Two year,No
0285-SNCH,55,26.49,1051.06,Month-to-month,No
3047-LCXP,56,78.0,7514.39,Two year,Yes
0521-LPGK,17,76.15,1531.35,Two year,No
6090-NNZO,38,76.07,5019.75,Two year,No
3469-GAUI,24,80.35,1859.14,One year,No
7677-IBOV,69,87.65,2527.01,Month-to-month,No
1746-QVBU,70,100.5,4417.02,One year,No
4201-BYNZ,11,46.98,3395.83,Month-to-month,No
5271-JUWI,16,102.5,1365.78,Month-to-month,Yes
1387-XKZM,59,69.83,1450.4,Month-to-month,No
4958-SCPV,70,27.71,3403.34,One year,No
5306-HPLR,3,25.86,6082.54,Month-to-month,No
3083-ZHZY,20,53.42,7193.92,One year,No
0638-RYDP,59,98.49,764.61,Two year,No
7007-JJOP,36,90.77,3205.52,Month-to-month,No
6937-ONKQ,19,98.86,891.94,Month-to-month,No
2174-KOGG,67,71.73,231.08,Two year,No
4929-MDWL,19,64.02,5327.58,Two year,No
8406-VIJB,20,34.75,4859.35,Month-to-month,Yes
5887-YQUN,71,52.82,1387.85,Two year,Yes
1217-AOJU,52,63.4,1947.12,One year,No
5603-ZSNT,33,28.86,287.29,One year,No
8096-LRIW,40,42.06,6696.08,Month-to-month,No
7619-LXBD,39,79.82,7800.06,One year,Yes
1137-IYXV,1,93.57,1170.13,One year,Yes
2651-HNNE,11,119.83,1928.65,Month-to-month,Yes
9167-PVOV,57,113.31,6960.44,Two year,Yes
0065-QTKQ,50,84.26,7419.06,Month-to-month,Yes
4629-MURH,23,62.12,3415.06,One year,No
0044-FPIS,31,83.62,499.92,Month-to-month,No
7891-JOIM,42,98.57,411.2,Month-to-month,No
2202-JPGW,7,31.83,4634.2,One year,No
1353-TMNM,16,60.99,3203.87,One year,No
3095-ZFJB,60,103.98,326.35,Month-to-month,Yes
4864-NWLW,2,58.38,4707.69,One year,Yes
7734-OFOB,1,77.19,189.29,One year,No
5729-RDZK,48,78.78,6320.24,One year,No
7397-FNNB,12,38.45,2520.82,One year,No
1344-PNIP,69,56.22,418.04,One year,No
1972-IVNS,37,53.45,4747.98,One year,No
2836-ZPUS,32,22.62,3241.71,Two year,No
6049-UUPS,9,22.42,7793.02,Month-to-month,No
5166-VDRA,19,103.17,4399.17,One year,No
9103-DRKU,48,47.31,2274.39,Month-to-month,No
9870-DFIR,3,71.81,5704.57,Two year,No
5319-IJUS,20,49.87,2244.79,One year,Yes
6661-GOFZ,24,114.07,7243.52,Month-to-month,No
2227-IJYU,54,45.93,3060.3,One year,No
2163-ZVYU,33,62.97,4443.96,One year,No
2273-LGMF,24,107.27,499.53,One year,No
5961-QPGR,72,104.19,3466.36,One year,No
5604-SCUA,36,38.61,6675.67,One year,No
5949-WMFZ,38,100.26,6464.63,One year,No
3690-ONSY,25,65.82,1872.12,One year,No
9181-XZKM,18,68.3,1886.02,Two year,No
9998-AOCZ,66,33.35,6556.71,Two year,No
2954-YWMF,54,28.06,7450.15,One year,No
1142-ETUO,35,92.79,853.35,One year,Yes
7188-VNCR,61,69.65,3655.46,Two year,Yes
1132-GGTY,41,63.69,2765.89,Two year,No
3706-SBDH,33,92.95,6978.44,Two year,No
4587-IDXH,68,96.55,759.85,One year,No
6211-TPKO,33,35.89,1767.89,Month-to-month,Yes
4562-GTWC,14,81.02,6044.5,Month-to-month,No
4705-BONO,21,33.54,505.22,Month-to-month,No
1351-FPCN,48,95.14,3991.03,Month-to-month,No
8454-BMUS,20,85.7,3592.65,One year,Yes
3875-BIBZ,8,115.66,2741.77,Month-to-month,No
9090-KTTZ,7,26.9,3217.12,Two year,No
6493-WXJR,67,25.71,4286.53,Two year,No
6563-ENNS,17,48.22,1374.8,Month-to-month,Yes
2002-RONV,33,46.17,4618.77,Two year,No
2329-SCVK,48,44.7,6462.92,One year,No
7802-CAPS,59,110.63,6105.27,Month-to-month,Yes
0742-FWBN,22,44.95,1315.81,Month-to-month,No
2873-PRIH,30,47.19,1279.07,One year,No
1623-BYWX,38,95.94,2218.58,Two year,Yes
6449-YRUI,51,64.97,2952.49,One year,No
4137-MWHS,54,97.67,3326.8,One year,No
8959-ODGF,8,26.54,5469.61,Two year,No
6980-SEGR,27,68.76,547.78,One year,Yes
6817-SOMW,27,23.36,373.91,Two year,Yes
3909-ZDZM,21,26.27,3196.09,Two year,No
2629-OUJN,30,110.64,5607.59,One year,No
3254-CZMV,28,33.92,1628.14,Two year,Yes
9345-FDGY,64,73.24,5167.89,One year,Yes
5413-JVMR,69,61.11,2152.64,Two year,Yes
6289-QMEU,61,54.73,7100.08,Month-to-month,No
1749-OQBA,48,109.98,7175.95,Two year,No
8967-KVGS,19,22.18,2448.57,Two year,No
0536-RQMM,4,86.38,1916.95,One year,Yes
0505-HZAV,35,116.34,3349.3,Two year,No
6891-CDEN,64,76.02,2000.2,Month-to-month,Yes
8233-KOZF,49,113.68,5411.83,Month-to-month,No
6868-TCJO,17,25.23,6625.91,Two year,No
0014-LUOW,44,61.88,5417.43,Two year,No
0502-WXMB,30,46.02,6612.37,Month-to-month,No
0985-AYIY,46,93.08,3236.24,One year,Yes
5773-CEGV,6,118.13,1334.9,Month-to-month,Yes
3837-DZSN,37,45.65,5929.81,Month-to-month,No
9048-ITYK,24,85.42,2947.75,Two year,No
7029-MJYL,46,39.81,5403.04,Two year,No
6606-USCE,53,76.53,2238.09,Month-to-month,No
7673-CAIJ,60,66.39,741.71,One year,No
2114-OKAJ,63,117.2,7941.4,Month-to-month,Yes
0533-HKCX,32,80.85,1333.99,Month-to-month,Yes
9951-JDHM,33,54.95,7908.53,One year,No
0444-BGGQ,67,31.41,7820.51,Month-to-month,Yes
5113-YIQU,18,35.12,6371.16,Month-to-month,No
3388-ZDIY,25,42.53,5309.44,Two year,Yes
2399-HSMO,54,45.1,4664.68,One year,No
2383-COPO,58,105.06,6942.2,Two year,No
6594-SLHS,67,76.12,2386.57,Two year,Yes
8744-QGRS,46,72.34,3794.68,One year,No
7094-KNXR,24,31.48,4993.18,One year,No
5738-NQCT,32,106.01,3348.4,Month-to-month,No
6360-ZRKT,47,92.28,3477.14,Two year,Yes
9402-NNPO,23,26.77,2709.25,One year,No
4375-NIAC,66,90.78,4557.43,Two year,Yes
4919-DILF,27,74.35,6819.54,Two year,No
4446-IHVC,2,28.17,1692.07,One year,No
8661-ZGEE,17,65.83,7482.02,Month-to-month,Yes
5924-EQLA,33,68.47,5543.79,Two year,No
6153-SFTV,9,36.58,6603.86,One year,No
0181-ILGW,43,114.57,4493.91,Month-to-month,No
5656-PJVQ,48,105.0,6258.18,Two year,No
8726-CDDH,39,86.9,227.98,One year,No
1654-DJEQ,42,66.23,6565.21,Two year,No
6695-MDIL,26,61.18,417.1,One year,Yes
0301-VZNM,50,85.1,7130.32,One year,No
6484-CATH,25,74.54,7936.51,Two year,Yes
2514-TTOC,24,26.23,2423.13,Two year,No
1783-VBSO,13,71.25,1761.52,One year,No
9187-HZLJ,60,100.64,6146.37,Month-to-month,No
8497-GVPJ,7,65.92,2098.91,Two year,No
7611-FFBJ,57,25.2,6937.94,One year,No
2537-HGWZ,36,98.63,912.46,One year,No
6097-XZWD,45,40.14,1095.05,Month-to-month,No
8278-TRMP,20,45.86,7835.3,Month-to-month,No
2446-WCNH,65,36.47,5423.33,Month-to-month,No
9393-AUTT,8,53.02,6790.41,Two year,Yes
4630-NFLF,16,95.68,2662.2,One year,No
2835-OMIR,14,71.94,5444.22,One year,No
0074-DWLA,15,40.49,4794.51,One year,Yes
9261-QEYH,66,107.78,4864.89,Month-to-month,Yes
6239-EKHS,32,107.96,5492.01,One year,No
2670-MDFR,63,107.06,4645.34,Two year,No
0689-KDBJ,51,43.88,3489.59,Month-to-month,No
7138-DUTD,25,65.12,2279.79,Month-to-month,No
9150-QLSQ,58,118.5,6171.79,Month-to-month,Yes
1468-CCTP,63,97.2,1887.55,Month-to-month,Yes
3931-HCOP,62,22.72,5569.6,Two year,No
6768-RHNN,22,26.52,1943.33,One year,No
7208-YMCM,58,66.39,5040.11,Two year,No
5599-YDWO,58,110.92,6001.92,One year,Yes
3679-UABG,49,73.87,1827.84,Two year,No
0075-QNKS,52,69.78,573.55,Month-to-month,No
0562-INFV,42,30.55,1134.69,Month-to-month,No
5368-RBSS,70,85.68,4887.38,Two year,No
8004-LPIT,15,102.21,6810.63,Two year,No
7177-EYNU,54,58.04,455.47,One year,No
7117-GXUA,60,97.56,5899.79,Two year,Yes
8207-OCLJ,8,116.45,2796.42,Two year,Yes
4532-COSF,53,40.38,3880.37,One year,No
5082-MJDY,60,72.33,7437.99,One year,No
8597-KIKS,5,48.71,2722.57,One year,No
2035-XEUZ,68,99.29,3776.16,Two year,No
9042-VIOA,6,77.76,208.09,One year,No
2536-MPMU,47,83.46,744.63,Month-to-month,No
1972-AKGJ,55,99.79,2142.87,Month-to-month,No
8890-RWSC,40,59.6,320.03,Month-to-month,Yes
5240-ZSCX,52,111.51,5087.87,Two year,Yes
8573-ZCCD,16,73.3,3468.55,Month-to-month,No
8054-ZGGI,13,35.8,4430.35,Two year,No
8773-HBFU,30,89.59,1479.71,Two year,Yes
5114-KNZF,19,99.33,2437.86,Month-to-month,No
3211-RVSB,17,51.68,5344.21,One year,Yes
8302-JNRG,63,105.72,7725.89,Two year,No
9044-TGMU,19,110.61,498.29,Month-to-month,No
1089-DVJQ,58,47.69,7134.04,Two year,No
6528-ABXL,55,118.35,4657.36,One year,Yes
1983-BLEO,62,34.07,4554.96,One year,No
8306-EFEH,23,40.2,4052.2,Month-to-month,No
8062-HKOB,9,38.42,648.21,Two year,Yes
2118-NQUU,12,109.4,810.03,Two year,Yes
9735-MXNK,1,85.43,4847.2,Two year,No
1328-UBZN,58,35.21,2793.57,Two year,No
7991-RGVX,1,64.03,7346.42,Month-to-month,No
0928-UJVV,34,81.53,3312.07,One year,No
1586-XASY,48,28.35,1231.92,Month-to-month,No
5519-WMIM,1,108.24,5746.28,Two year,Yes
0225-AXFD,16,100.36,2417.49,Two year,Yes
7983-APXU,61,70.52,4251.22,One year,No
8893-YKCH,64,116.71,5612.88,Two year,No
1197-YQEZ,63,61.78,7212.09,Month-to-month,No
6972-PEHR,69,118.41,6358.31,Month-to-month,No
1799-KZZA,22,86.79,5443.25,One year,No
6992-OYDT,67,83.47,5469.1,Month-to-month,No
2918-CSQX,26,36.6,7572.8,Month-to-month,No
4220-GCAK,16,108.19,2437.01,Month-to-month,No
7984-JOCM,51,62.75,108.79,Month-to-month,Yes
8661-BVHI,57,36.22,2248.44,Two year,No
9013-TOXC,29,21.26,1821.34,Month-to-month,Yes
5640-YEXE,69,75.98,5328.49,One year,No
1216-SSGH,47,72.74,5106.32,One year,No
2058-DJLH,62,91.94,4788.34,Month-to-month,No
6610-EHCV,69,109.03,228.32,One year,No
3346-COEX,16,27.94,5857.35,Month-to-month,Yes
3424-FGBT,48,93.15,2655.89,One year,No
6035-ZPOV,39,38.74,5353.94,One year,No
8458-MWMC,33,105.82,4496.97,Month-to-month,No
9759-URQD,23,101.91,2807.57,Month-to-month,No
7199-VDLZ,10,74.08,1163.15,Two year,No
4968-GXXB,69,91.02,845.91,Month-to-month,No
3332-LWUQ,34,51.44,6668.99,Month-to-month,No
5441-PTYY,52,67.12,7355.34,Two year,Yes
5125-IKJM,10,102.16,5233.33,Month-to-month,No
6021-PSBX,19,65.93,917.13,Month-to-month,No
3279-XAVH,58,55.78,3276.02,Two year,No
2460-WDZL,1,69.42,5858.62,Month-to-month,No
8246-EFVT,69,102.82,6260.58,Month-to-month,No
7885-EIND,4,53.52,1033.93,Two year,No
8801-VVGL,16,37.38,100.24,Two year,No
9728-NQDA,24,91.2,5725.88,One year,No
3518-PJEX,2,102.6,2917.11,Month-to-month,No
7623-EOZW,32,30.06,2110.4,One year,Yes
6624-AUTA,24,43.99,201.89,One year,No
9660-GUHZ,12,34.2,4368.37,Two year,No
6433-GMRV,50,54.79,6824.09,Month-to-month,No
3156-VJQP,35,65.04,7665.29,Month-to-month,Yes
2109-QWGS,33,94.88,4569.39,Two year,No
8217-XUUP,33,85.11,4164.24,One year,Yes
6676-ZGKK,61,82.09,771.95,Two year,Yes
0751-SFNU,51,55.24,4436.1,Month-to-month,Yes
9658-VWEC,43,104.14,3101.83,Two year,No
1287-ERIC,12,67.13,4896.37,Month-to-month,Yes
3737-IGHW,67,117.91,3170.94,One year,No
4859-BXNW,65,83.41,1998.36,Month-to-month,Yes
3208-DFKO,33,32.63,850.23,One year,No
9437-UMQE,40,87.62,2587.86,One year,No
6027-ETMT,43,52.51,863.49,Month-to-month,No
0664-ZJAF,44,88.63,1497.49,Month-to-month,No
3038-ERQG,29,26.96,7899.96,One year,No
6313-PEVH,13,37.49,3608.42,Two year,No
2753-XZIX,12,105.57,4301.79,Month-to-month,No
3199-KFSD,46,42.72,7001.59,One year,Yes
7513-QAWG,2,103.7,7964.99,One year,No
5096-QARK,35,47.93,4703.44,Two year,Yes
3541-SQHR,8,84.29,6518.54,Month-to-month,No
6261-VCSD,26,89.42,2682.83,One year,No
1111-GNFS,34,71.27,2515.38,Two year,No
2042-YIAR,7,50.53,3281.36,One year,No
9861-CNSC,68,41.26,5412.81,Month-to-month,No
2292-MCEB,58,23.32,5489.31,Two year,No
2837-CTBW,29,50.39,2590.39,One year,No
6134-QWCV,36,85.32,1152.36,Two year,No
1492-KWUQ,21,113.83,5095.93,Month-to-month,No
7160-YEKP,36,107.12,1113.77,Two year,Yes
8613-JARV,10,96.61,4670.09,Month-to-month,No
9191-KBGI,24,98.84,5578.03,One year,Yes
7675-OZRI,64,86.5,5634.83,Month-to-month,No
5706-GIRK,49,46.03,6052.43,One year,No
8590-QEWW,36,110.72,6995.59,One year,Yes
8042-ZBFQ,24,87.07,4049.68,Month-to-month,Yes
4248-LWLD,23,76.04,5868.97,One year,No
4614-OACP,62,31.1,4991.46,Two year,No
6352-RYJB,37,64.71,1574.46,One year,No
2456-MRSC,12,66.04,302.95,Month-to-month,No
7238-ZHNS,55,106.46,2347.88,Two year,No
0117-SCPE,13,74.66,3599.97,Two year,No
9347-SCKY,23,58.04,4975.14,One year,No
8574-RYDM,30,117.68,6814.68,One year,No
5098-MNXE,17,31.07,1650.34,Month-to-month,No
5713-PWNK,62,62.25,1091.84,Two year,No
9972-ZZLD,13,24.2,7711.49,Month-to-month,No
4772-SWSY,59,93.99,953.55,One year,No
6262-IRZQ,19,111.81,3880.08,Two year,No
9563-DJMO,49,48.0,4725.95,Month-to-month,No
6478-HWVN,12,105.83,4376.86,Month-to-month,No
0161-TEHG,61,49.22,779.65,Month-to-month,No
8627-AVCW,19,111.08,550.51,Month-to-month,No
7875-GUUH,9,95.4,933.32,Month-to-month,No
6939-ZIOA,71,100.49,4726.14,Two year,No
2678-VXSQ,28,21.8,4400.32,Month-to-month,No
7567-ZHER,52,116.28,1946.55,Two year,No
1153-LODP,16,92.67,5138.42,Month-to-month,Yes
2371-DIBY,69,50.48,6578.53,One year,No
6645-JUIF,12,102.94,428.47,One year,No
1054-NCFF,25,48.15,4035.23,Month-to-month,Yes
3327-NZVZ,52,107.28,5545.55,One year,Yes
0649-PQYR,53,31.26,2093.26,Two year,No
3993-OHXV,23,90.37,2531.39,Month-to-month,No
3840-XFNY,16,74.07,4947.74,Two year,No
1950-BRUW,57,29.65,7193.69,Month-to-month,No
4157-ZUQY,39,44.19,6498.4,One year,No
7143-CBUO,53,21.24,4706.73,Two year,No
5223-QLAR,42,66.88,5868.75,One year,No
5667-PSBY,58,50.13,2982.1,One year,No
1730-TLKR,39,79.84,5163.63,Month-to-month,No
4513-UOYD,14,49.72,3782.83,Two year,Yes
6977-JYOO,5,49.99,1600.5,One year,No
1055-YHTX,35,94.32,5643.73,Month-to-month,No
3465-EFVF,18,24.81,4496.07,Month-to-month,Yes
1788-YZLO,9,110.29,2933.11,Month-to-month,No
2007-MIDR,58,105.23,7299.58,One year,No
1693-LQHP,17,86.78,265.38,Month-to-month,No
5334-AGFT,7,79.32,2594.61,Two year,No
4817-WMJH,46,109.23,549.36,Two year,Yes
5168-WDOG,13,38.53,6155.57,One year,No
8000-NAPK,40,27.9,5646.65,Two year,No
5955-ZMUJ,42,43.95,2717.68,Month-to-month,Yes
2772-MNKN,9,99.46,5437.74,One year,No
6886-ENLE,50,23.47,3227.9,Month-to-month,No
9697-MJFM,27,78.28,6074.4,One year,Yes
0302-XJML,66,119.54,3688.05,One year,No
0937-NVVG,5,105.57,3357.01,Month-to-month,No
5163-QVNJ,29,72.14,7484.37,Two year,No
9538-MMPN,37,26.36,2081.94,Two year,No
1106-FEJS,38,103.14,1051.53,One year,No
1287-MMFE,8,79.9,4717.89,Month-to-month,No
8005-EQBO,65,31.49,7757.64,Month-to-month,No
0219-POAS,17,29.39,3084.93,One year,No
6204-ZWEV,71,110.96,590.09,Two year,Yes
6781-RGSI,45,86.92,2780.51,Month-to-month,No
4523-CFWN,4,102.93,4096.86,Two year,No
4104-PBUN,36,107.9,1379.19,Two year,No
1416-VXUQ,70,77.18,5299.01,One year,No
5305-FUUJ,31,71.74,7982.22,One year,No
5776-CDMG,19,63.04,3668.74,Two year,Yes
8284-ESUP,61,51.69,2902.36,Month-to-month,No
1066-IJEQ,54,63.46,3265.56,Month-to-month,No
2843-HRTK,39,97.39,1009.65,One year,No
7435-GHIS,19,80.19,7077.86,Two year,No
7867-LSEF,39,109.25,3377.12,Month-to-month,No
4356-SEZA,67,64.34,3159.47,Month-to-month,No
0194-BFCA,45,80.71,5311.55,One year,No
3965-SPYV,13,83.13,3592.06,Two year,No
6426-UHAP,58,79.17,5221.04,Month-to-month,No
5210-GAEZ,20,90.26,585.43,One year,No
7335-NTBC,72,43.74,6528.41,Month-to-month,Yes
2893-ZHPF,61,71.24,7529.98,Month-to-month,No
9524-CBHY,39,30.42,5225.25,Month-to-month,No
8988-OSZO,1,58.45,7641.07,One year,No
7794-LPAD,3,68.77,1296.32,Two year,No
0696-FIYN,62,85.22,3871.59,One year,Yes
0820-RVBY,63,115.05,4854.27,Two year,No
4382-YRXM,25,80.07,4695.72,Month-to-month,No
1782-FGQE,56,94.36,3271.55,Two year,No
1966-PTOB,33,70.63,2770.87,Month-to-month,No
4649-XWMZ,38,83.41,1101.91,Month-to-month,No
9225-BUMO,6,27.09,3194.77,One year,Yes
5361-ZSLR,58,45.44,1385.02,Month-to-month,No
0253-PGOG,44,56.19,5901.49,One year,No
4634-FSJW,45,67.25,1749.76,Two year,Yes
2115-FCHG,32,24.56,562.67,Two year,No
4319-DUEM,45,34.0,4463.69,Month-to-month,No
9857-UHOO,61,47.68,4802.31,One year,No
3608-MQLI,47,117.15,6988.11,Month-to-month,No
3592-ADWZ,21,53.13,4658.15,One year,No
1561-UJRM,36,68.2,2829.3,One year,No
7832-QDEV,19,39.61,6443.79,One year,No
3658-BEFI,20,81.08,4368.2,Two year,No
2262-LWJP,57,48.07,726.31,One year,No
9410-SRYS,18,40.7,4570.22,Two year,No
0110-WOAK,47,71.66,7273.35,One year,No
7021-RXIG,49,20.55,3230.87,Two year,No
2618-ARWI,14,20.77,2440.97,Two year,No
4952-LZSE,15,41.91,1233.41,Two year,Yes
5665-NQIJ,31,23.67,1296.42,Month-to-month,No
5843-GHAV,1,30.8,3518.89,One year,Yes
8340-XYMA,54,53.89,4805.87,Month-to-month,No
4220-JKOK,3,100.26,736.86,One year,No
1733-GKGT,16,77.2,7522.59,One year,Yes
9862-TVKW,57,71.27,6065.56,Month-to-month,No
1266-HQEA,12,49.35,4734.33,Two year,Yes
0511-GSSG,16,113.18,6644.67,One year,No
1433-UZMU,72,59.7,733.48,Two year,No
3890-UBME,24,28.71,3867.03,Month-to-month,No
8881-TGUL,28,81.71,5077.74,Two year,No
7047-NZMR,8,31.38,6646.36,One year,Yes
3360-YNGQ,36,54.52,6289.41,One year,No
1882-CQIE,8,70.74,2288.85,One year,Yes
2170-BUMP,58,107.42,7532.95,Month-to-month,No
3010-QYZQ,60,69.35,1082.33,One year,Yes
0677-DGZU,50,90.23,7013.56,Month-to-month,No
7841-RJDX,28,119.28,7770.43,Two year,No
4426-EEJT,41,33.15,1499.51,One year,No
2895-BEHG,64,47.47,5804.32,One year,No
3063-EAWU,27,59.46,418.26,One year,No
2765-KNMO,63,62.18,3302.84,Two year,Yes
6361-NBVD,17,61.1,4178.64,One year,Yes
8240-OVRN,33,110.76,4687.1,Month-to-month,No
7236-BYFM,29,91.4,7493.9,Two year,No
8080-OYKJ,13,80.79,5410.78,Two year,No
7820-BHYY,46,50.94,3902.1,Two year,Yes
0751-NGQE,35,102.38,6496.43,Two year,No
7416-JLRW,6,115.51,7609.21,Two year,Yes
1143-EZLJ,69,102.12,274.32,Month-to-month,No
3933-TLSP,47,20.16,7861.92,Two year,No
5279-GZLK,25,83.64,780.44,One year,Yes
7955-ZHHF,66,25.11,6533.66,Two year,No
8086-HOOY,10,45.76,2314.64,Two year,No
1031-JPGV,56,25.95,1144.22,Two year,No
0397-SUEV,30,80.38,3574.86,Two year,Yes
6595-HTOC,5,88.66,5187.26,Two year,No
0738-KWWF,33,31.45,3109.52,Month-to-month,No
6607-JHBO,65,58.38,531.07,Month-to-month,No
1520-TKLP,18,65.62,4835.74,Two year,No
5223-DCOB,49,56.91,7228.99,Month-to-month,Yes
3057-DDOM,11,32.1,3127.4,One year,Yes
6167-GBUI,26,61.89,1809.03,Two year,No
9064-JIPA,63,95.12,3596.36,One year,Yes
3969-LDBV,59,27.1,482.07,One year,No
1378-CBYY,27,28.02,6581.85,Two year,No
8806-CLAF,49,55.48,6628.09,One year,No
5252-MSDS,33,114.17,4745.2,One year,No
0560-EHUQ,1,86.86,2889.51,One year,No
0603-HWRW,21,87.87,6418.29,Two year,No
0862-JZCI,55,56.19,4482.03,Two year,Yes
8515-LYAG,6,79.37,6624.87,One year,No
5331-JJQG,69,21.01,5088.52,Two year,No
9586-WXVA,5,83.61,6296.8,Two year,No
5218-RCJY,3,111.33,4828.65,One year,No
6622-DZXI,53,81.26,3371.71,Two year,Yes
5215-UWIS,23,107.37,7667.77,Month-to-month,No
5199-DYXI,53,92.4,4374.8,Two year,No
5913-WSTW,37,32.06,4880.21,Month-to-month,No
4449-XYHU,17,110.25,1841.85,One year,No
1176-GOGG,1,26.64,5042.64,Two year,No
6364-NPSJ,51,73.4,4615.7,One year,No
8411-ATAH,45,34.21,1560.22,One year,No
4797-BYZW,4,21.17,570.74,One year,No
4342-KBTJ,62,62.2,4874.44,One year,No
3675-NWUN,65,49.5,6133.17,One year,Yes
4809-NKTO,32,68.6,4234.87,Two year,No
5602-KHVL,34,77.72,1891.5,Month-to-month,No
4605-DVLS,72,24.37,5365.52,Two year,No
1796-DKLE,39,32.3,732.84,Two year,No
5724-GRXU,26,75.86,3590.49,Two year,No
7114-JNJU,34,54.32,1390.6,Two year,Yes
5933-TXOR,54,92.92,1557.23,Month-to-month,No
1817-KITL,3,85.23,1698.12,Two year,No
6112-QGLW,50,104.56,3154.99,One year,No
5082-PMKC,12,89.25,504.09,Two year,No
6256-OVBD,65,62.99,3242.57,Two year,Yes
6086-VHXB,54,87.3,4142.49,Month-to-month,No
4166-RPUE,5,47.54,3918.02,Month-to-month,No
4590-HJJB,57,50.63,3123.99,One year,Yes
4521-SHNN,17,98.9,6729.26,Two year,No
6617-QZMR,47,64.64,1248.08,Two year,No
9926-INZJ,23,99.84,4095.0,Two year,No
1556-MEPS,14,102.24,590.13,One year,No
9006-DWUZ,66,105.76,662.13,Month-to-month,No
4356-AFHU,51,111.66,4633.54,One year,Yes
3530-RISQ,38,63.1,4571.55,Two year,Yes
0133-RXUQ,64,51.89,7036.46,Month-to-month,No
4685-IUKT,38,78.22,4507.2,Month-to-month,No
8273-NFRU,50,57.12,7682.35,One year,No
8392-AZQV,30,80.11,484.69,Month-to-month,No
5358-TSIA,51,90.56,874.26,Month-to-month,Yes
4424-YFHC,63,88.84,448.12,Two year,No
7794-AMNE,52,57.46,1563.69,Two year,Yes
9757-DWVY,38,36.69,4376.03,Month-to-month,Yes
6174-SNAY,30,63.05,5200.02,Month-to-month,No
6504-BNRI,51,34.26,460.12,One year,No
5383-FHIL,5,109.01,7573.17,One year,No
1120-QNFJ,29,54.59,6753.11,Month-to-month,No
3172-GBPI,4,35.45,2443.24,Two year,Yes
4146-CBLE,10,22.54,709.78,Month-to-month,Yes
5586-QIVS,56,84.58,1442.11,Month-to-month,No
6597-MDVX,17,83.69,1102.86,Two year,Yes
4467-MGFW,17,54.06,1073.94,Two year,No
6936-RUWL,69,27.17,4196.64,One year,Yes
0434-ETPD,34,60.96,2042.19,One year,No
1873-QUNK,6,51.12,2929.3,One year,Yes
4659-JIVP,53,87.71,7917.09,One year,Yes
7475-GRCY,66,80.58,5506.08,Two year,No
5454-OVEY,43,56.46,7596.95,Month-to-month,No
0187-JMRC,23,41.79,1226.2,One year,Yes
8896-ADDN,55,118.8,3118.9,One year,No
3516-IOXH,16,65.4,4482.38,Two year,No
9493-CAZK,8,88.83,706.39,Two year,No
1235-BSVJ,4,34.06,133.08,Month-to-month,No
8827-KIJJ,4,68.56,5396.43,Month-to-month,Yes
5641-JYVE,56,22.75,5170.37,Two year,No
9610-ASML,25,70.55,3345.23,One year,No
9064-LUPL,67,116.4,3968.19,One year,No
1554-JEPP,67,58.42,3382.0,One year,No
8254-OJZO,27,23.9,289.64,Month-to-month,No
7146-DTZZ,32,23.1,2749.44,One year,No
7408-CMTY,50,58.8,1498.95,One year,No
0673-BIUM,61,36.0,877.55,Two year,No
5474-YUHA,51,22.34,7658.09,One year,Yes
9775-BMEB,19,95.62,4834.94,Two year,No
9862-CNWH,21,65.85,5856.38,One year,Yes
1280-CEPD,5,48.92,2591.37,Month-to-month,No
4827-MUWI,42,110.01,3205.86,One year,No
0191-MZUG,61,31.61,1971.7,One year,No
4627-IQTD,22,115.59,866.03,Two year,No
1337-TNJS,21,51.4,1514.35,Two year,Yes
4180-YLRZ,70,108.84,6400.36,Two year,Yes
6096-YLXW,1,80.29,5452.61,One year,No
3206-KUTT,5,102.67,4420.74,One year,Yes
5136-EORV,12,118.4,3853.21,Month-to-month,No
0014-FHFA,46,48.84,7387.23,One year,No
0968-YQSD,34,116.11,674.61,Month-to-month,No
8168-OZXS,49,58.95,2316.75,Two year,No
2496-XHLX,45,58.55,2864.51,Two year,No
7310-UJIB,27,54.04,6281.16,Two year,No
9244-YPEM,26,74.14,7940.87,Month-to-month,No
1726-XSCB,47,35.41,2001.3,One year,No
5248-DQYR,56,75.37,7007.03,Two year,No
2795-NYML,63,74.17,6661.92,One year,Yes
8775-AYVM,48,96.19,1874.79,One year,Yes
5936-KQYC,61,103.36,3254.73,Two year,No
5904-TQEB,26,64.04,3336.42,Month-to-month,No
3168-QJCQ,36,50.23,7827.94,One year,No
7117-PMBO,1,45.93,1529.05,Two year,No
3584-ZABU,8,39.46,6413.35,One year,No
0186-LRWD,52,25.76,2740.12,One year,No
5901-QMXB,47,54.24,5873.88,One year,No
7110-HULE,56,47.02,3418.09,One year,No
5814-UFUL,14,116.64,4669.04,One year,No
8963-ZODV,28,75.77,6677.63,Month-to-month,No
7753-DDKS,2,54.73,6452.91,Month-to-month,No
5490-CWPU,26,78.05,6944.74,Two year,No
0401-CQXK,14,33.92,570.98,Month-to-month,No
8762-QNKY,59,64.4,5567.2,Month-to-month,Yes
6014-YQUJ,56,82.62,1205.9,Month-to-month,No
0215-CJTO,7,68.89,3384.97,One year,No
2762-FURZ,3,60.18,4433.85,One year,No
4160-QHLI,23,119.38,3281.64,Two year,No
8707-YEUM,18,108.03,4204.93,Two year,No
1875-IFRI,38,82.34,7972.56,Two year,No
7307-WJFM,15,76.94,1168.22,One year,No
4819-LKDS,64,82.07,5436.1,Month-to-month,No
6921-RBDW,28,40.13,3228.41,Month-to-month,No
4138-PUQP,39,59.51,1150.78,One year,No
1980-WMZP,57,23.95,1354.02,Two year,No
8277-GIPX,17,67.55,7599.26,Two year,No
5150-ZBMT,44,74.3,7048.85,Two year,No
0547-VLGO,25,42.77,7265.63,One year,No
0791-HQCM,17,116.4,7933.11,Two year,No
3787-ALUW,13,110.95,1745.69,Two year,No
4734-QWBX,25,92.21,2907.97,One year,No
3042-YOUU,68,73.34,5386.83,Month-to-month,No
0870-YRXC,10,107.0,3922.04,One year,No
3631-OBSF,67,33.07,3405.28,One year,Yes
9214-YPYF,18,99.05,2926.71,One year,Yes
7232-RHBI,34,32.48,4790.87,One year,No
4517-RNHQ,8,99.42,4647.19,Month-to-month,No
7989-BXLC,40,47.58,1375.52,Two year,Yes
8291-HSMW,42,107.71,3826.74,One year,No
5629-ODJL,41,114.4,4472.43,Month-to-month,No
6208-GYQK,6,34.88,4605.27,Two year,No
3635-SVLH,52,66.27,1759.85,Two year,No
1712-MZUB,26,118.1,5963.94,Two year,No
3419-SHZV,64,68.34,299.07,One year,No
6612-BIDG,59,106.35,2903.17,One year,No
1503-IJOE,56,78.87,6263.68,Two year,Yes
3944-DLIA,59,57.53,4554.75,Two year,No
7937-MHYZ,70,48.58,2163.18,Two year,No
5159-LRTX,33,40.32,5590.13,Two year,Yes
1534-VLCB,53,96.18,4582.39,Two year,No
6529-HANL,22,58.65,6390.32,Two year,No
6051-IPYX,21,71.13,5906.7,Month-to-month,No
3183-JHJZ,70,69.23,4919.85,Two year,No
8074-ZUHU,70,77.73,3956.6,One year,No
9481-PCFM,4,106.56,1152.14,One year,No
8909-TCKX,62,118.07,2164.53,One year,No
4577-DEJO,62,60.76,3410.89,Two year,No
0883-OMAA,24,102.75,4834.46,One year,Yes
2984-QXKM,55,96.45,4158.29,Month-to-month,No
6212-ZBTP,9,77.35,2376.66,Two year,No
5864-SDNO,3,115.6,151.07,One year,No
8103-WDEH,31,40.05,4020.29,Month-to-month,No
4932-NYNT,40,30.93,2356.45,Month-to-month,No
1075-WVRH,36,105.4,5903.41,One year,No
6605-VANJ,24,63.91,289.18,Month-to-month,No
4391-EFEX,6,104.7,4720.14,One year,Yes
6855-OTCL,66,109.31,7537.65,Month-to-month,No
0894-IJVX,4,26.25,1477.83,Two year,No
5737-AVFW,6,108.35,3826.03,Two year,No
1211-CRUC,51,64.83,822.23,Two year,Yes
7701-UNBD,62,71.04,5042.89,Two year,No
2067-UXFX,57,82.66,4449.2,Two year,Yes
1308-YYJE,66,112.64,3318.19,One year,No
5725-CPAF,8,21.91,4218.88,Two year,No
1295-ZCFN,26,67.68,7182.94,Two year,Yes
7354-YEJJ,51,88.77,1650.72,Two year,No
2219-DCDT,45,92.27,278.26,Two year,No
7503-DHPI,44,89.25,6907.15,Month-to-month,No
9452-WEBV,5,33.44,4659.22,Two year,No
4619-MCLR,70,49.94,7136.2,Two year,Yes
0145-CYZB,26,55.87,4815.87,One year,No
9359-DVSH,68,100.44,6500.27,Month-to-month,Yes
7527-QKMP,19,47.88,3494.42,One year,No
4427-CGMQ,20,41.07,6023.89,Two year,No
1000-RZJR,12,115.74,7313.03,One year,Yes
1600-TTUF,47,20.89,4619.77,One year,No
6423-WOYA,1,119.78,1528.2,Two year,Yes
4933-JLAO,14,87.68,2223.5,Month-to-month,No
8374-DSMC,64,102.85,1669.29,Month-to-month,Yes
6665-MWNK,38,49.46,2050.17,One year,No
4963-ZIAB,37,21.43,2520.68,Two year,Yes
8370-XICI,11,93.79,4485.56,One year,No
3362-QPXB,3,103.41,4745.13,One year,No
3303-LWOX,33,94.05,3469.35,One year,Yes
2659-JKOV,6,34.29,4961.82,Two year,No
1635-TIPJ,50,95.34,744.44,Two year,No
4487-VNHB,10,96.89,793.53,Month-to-month,No
9427-CVCI,5,85.85,1457.45,Two year,No
0842-UQHU,23,96.61,4192.81,One year,No
4524-QLTE,10,104.59,1790.56,One year,No
0785-FZTM,44,81.36,2337.95,Month-to-month,Yes
9567-LOQN,2,28.86,3262.47,Two year,No
3116-HLIV,13,68.76,6513.74,One year,No
0248-QGPK,40,27.76,209.51,Month-to-month,No
1128-MOLQ,2,60.75,5230.09,Month-to-month,Yes
0112-UREW,65,60.71,5384.12,One year,No
9408-CPWX,63,26.6,6409.38,One year,No
4360-YSDC,17,54.88,7468.75,Two year,No
7958-YYGW,9,31.1,259.09,Month-to-month,No
2183-PKTG,15,100.82,1314.89,One year,No
4119-LGPM,24,114.77,7100.75,Month-to-month,No
3934-RZWY,38,27.23,3722.3,Two year,No
3780-ZPVR,35,115.51,4560.27,One year,No
9672-OIYJ,49,72.26,5337.91,Two year,No
8188-KXKZ,69,49.96,5464.63,Month-to-month,Yes
2082-FXXQ,62,27.69,7460.75,Two year,No
8740-WVYM,60,70.06,7975.9,Two year,Yes
4878-VVSN,50,99.45,5789.24,Month-to-month,No
3687-LABQ,9,90.71,2369.05,Two year,No
6714-QICE,34,25.02,7050.04,Month-to-month,No
5987-WRUI,35,27.29,488.85,One year,Yes
4726-VUFK,1,60.29,1925.54,Month-to-month,No
1898-FYYQ,40,49.53,7189.35,Month-to-month,No
6991-SEKL,64,43.24,2123.91,One year,No
2039-DSLX,22,48.1,1843.14,Month-to-month,No
4617-EWUH,60,100.35,1191.19,One year,No
4186-ZHRK,64,112.92,6886.98,One year,No
4122-QXJR,72,60.51,4050.46,Month-to-month,No
4013-SRSS,11,110.61,5431.66,Two year,No
7200-IGXZ,14,52.15,1988.62,Two year,No
9957-BGQH,60,67.64,6088.52,One year,No
3395-PGNY,30,42.6,6104.04,Two year,Yes
8135-DDBD,35,84.05,2569.52,Two year,No
8879-HWPT,37,117.9,3344.39,Month-to-month,No
2383-ZTDW,5,80.35,1756.55,One year,No
6701-FAGS,26,55.78,7814.83,One year,No
4990-JSMM,62,84.78,5200.26,Month-to-month,No
8810-WEEN,4,32.29,7482.9,Two year,No
2855-ZNOK,42,108.87,2496.75,One year,No
0768-ARRK,18,70.31,6276.94,Two year,No
5981-CVRL,40,64.93,6150.28,One year,No
9509-RYIT,72,78.59,5564.08,One year,No
7952-BQIB,39,82.48,7728.55,One year,No
0933-EZWC,14,27.18,3209.09,One year,Yes
8172-TRDM,32,88.26,1132.67,Two year,No
4836-DRVN,51,44.19,5406.5,Two year,No
4845-KTVP,38,91.4,5861.55,Two year,No
4403-MFRE,23,102.25,4642.98,Two year,Yes
4652-LXMD,63,100.4,1733.86,Month-to-month,No
1985-HBBB,15,75.25,4085.2,One year,No
1406-OGGC,25,72.02,2566.3,One year,No
5161-EKCW,17,34.29,3476.99,One year,No
2546-QGZW,66,97.53,5197.23,Month-to-month,No
1176-WCNA,53,47.14,5987.2,Two year,No
1146-WZPM,51,69.67,1934.58,One year,No
6936-RKHD,39,48.43,3302.07,Two year,No
0109-WFQQ,51,33.38,2226.38,Two year,No
4671-HMMA,70,82.96,1669.19,Month-to-month,No
1179-MWPF,6,25.43,6288.76,Month-to-month,Yes
5800-QSZW,67,94.86,7283.1,Two year,No
7552-MMPP,7,51.76,3024.83,One year,No
6847-NKIB,51,20.01,6035.1,One year,Yes
8444-YJSA,72,71.11,7186.26,Month-to-month,No
2132-FXIP,42,24.69,6784.38,Month-to-month,No
8612-SYVR,64,47.62,1544.23,Month-to-month,No
7778-QHTR,15,90.7,7654.71,Month-to-month,Yes
1161-KZHF,29,26.27,3075.74,Month-to-month,No
0083-EVXA,33,103.93,2780.0,Month-to-month,Yes
0461-FGIJ,27,20.38,593.21,Month-to-month,Yes
0821-RNRS,36,44.68,3940.77,One year,No
9448-CCPU,29,94.09,961.21,Month-to-month,No
9801-QWXE,38,51.63,2063.46,Month-to-month,No
2457-CQID,57,30.19,2603.85,One year,Yes
8447-GVIN,27,56.02,6489.73,One year,No
0373-RDTK,55,47.04,7016.36,Two year,Yes
2844-LWUJ,33,104.27,2489.48,Month-to-month,No
0108-YCIZ,68,51.33,6883.72,Month-to-month,No
1076-QXBQ,66,98.89,6872.12,Month-to-month,No
7652-KROH,10,109.19,6140.74,Month-to-month,Yes
7902-NXSL,5,63.38,1258.89,Two year,No
2576-SXUK,38,110.99,5553.55,One year,No
1303-STDZ,13,57.73,7565.69,One year,Yes
2055-TEAU,31,116.41,5492.07,Month-to-month,Yes
5277-ZCBJ,47,28.93,2719.77,Month-to-month,No
6306-DHTL,52,88.7,4054.58,Month-to-month,No
9895-XQNP,56,69.38,5201.23,Two year,No
3277-RSNG,15,58.76,4133.51,Two year,No
3583-CSVC,29,83.27,1047.63,One year,No
0844-JNPN,8,90.39,2565.31,Month-to-month,No
3244-LYMZ,5,20.44,6438.93,Month-to-month,Yes
8117-DSWD,29,36.7,6905.2,Month-to-month,Yes
2479-JYPK,47,91.3,1184.67,Month-to-month,No
1501-JZHM,68,86.64,7623.86,Two year,No
7150-XXFV,45,116.6,2697.7,One year,No
4138-KOOX,2,96.1,5332.28,One year,No
7476-TNLL,27,115.08,6039.42,Two year,No
4837-RKGK,36,90.25,6514.38,Month-to-month,No
5987-QWSO,36,49.81,7571.42,One year,Yes
7751-OFQO,26,30.54,2572.06,One year,No
0514-XDYE,43,98.18,6882.2,Two year,No
0727-XLUP,27,84.41,1140.33,Month-to-month,No
4080-LKWI,69,24.82,5669.82,One year,No
2101-DGCH,20,56.01,5961.62,Month-to-month,No
4163-ABKI,11,115.68,5454.01,One year,Yes
4338-DFTP,38,70.04,2093.29,Two year,Yes
4731-BMKM,6,63.27,6997.04,Month-to-month,No
4282-ZRGO,72,65.77,1433.98,Two year,No
7340-QFZJ,23,40.89,523.71,One year,No
9754-XLAM,47,56.87,5767.97,Two year,Yes
8290-YMPV,46,56.98,3856.26,Two year,Yes
3365-NBTO,12,25.24,6807.87,Two year,Yes
3311-OHLP,13,96.76,3128.84,One year,Yes
9363-GTLG,62,61.65,1429.4,Month-to-month,Yes
9345-ARQA,60,102.22,6707.89,Two year,No
4964-XSTN,43,105.03,4436.39,Month-to-month,No
7600-VRRJ,68,41.2,1594.65,One year,No
8831-TSAM,5,85.74,5791.03,Month-to-month,Yes
9420-HXJC,37,67.23,4137.8,Two year,No
6372-MJHX,72,108.02,4874.07,Two year,No
7218-KWOM,31,41.57,3741.1,Two year,No
5656-OBDB,9,87.78,6646.8,Two year,No
2525-UERZ,51,80.78,6653.55,Two year,No
6525-LYQY,29,49.53,5704.17,Two year,No
0949-HRMJ,40,33.66,932.67,One year,No
7822-KLAF,41,85.16,6726.95,One year,No
0507-ZLBG,11,93.86,5401.0,One year,No
1360-MVPQ,23,51.56,5606.49,Month-to-month,No
3212-IBIU,1,84.48,2967.56,Month-to-month,No
9767-QPCB,46,59.51,7046.31,One year,Yes
0380-DXLH,21,91.32,5830.44,Month-to-month,No
6065-HJCT,36,39.92,989.46,Month-to-month,No
2560-JUWQ,54,109.02,3321.45,Two year,No
3974-IFCP,57,48.74,7102.4,Two year,No
0715-QGKS,1,56.78,472.85,Month-to-month,No
4270-ILYT,63,25.81,7695.19,Month-to-month,No
3871-IIJA,54,31.15,5465.38,One year,Yes
5605-VWKF,55,71.59,5087.87,Month-to-month,No
2973-RSZP,40,46.76,2237.42,Two year,No
3596-KELU,15,103.55,2065.46,Month-to-month,No
0202-FQGT,21,21.47,7542.26,One year,No
9372-EZJB,47,57.91,2456.35,Two year,No
0121-PTBA,53,53.73,6226.49,Two year,No
1187-IOEA,9,21.93,3205.66,Two year,Yes
8906-JUCY,52,32.44,1200.11,Two year,No
3286-YZZW,57,61.36,184.65,Month-to-month,Yes
8019-UEJJ,26,69.29,4399.63,One year,No
5920-QENU,41,60.43,7808.65,Month-to-month,Yes
3078-WZXF,35,73.09,3016.18,Month-to-month,No
0460-NTQN,63,79.51,2921.82,Two year,Yes
4433-SSMG,25,20.99,2818.32,One year,No
4950-FFWK,38,66.41,4212.3,Two year,No
3859-JODC,2,116.35,3581.25,Month-to-month,No
4354-QLMK,7,71.9,7051.33,Month-to-month,No
8331-GQJC,34,87.75,4093.61,Two year,No
8567-YCBA,17,51.19,4111.29,Month-to-month,No
2133-VRHS,43,97.4,1193.14,Month-to-month,No
9977-XAHV,59,97.29,7863.64,Two year,No
7445-RMNT,51,72.13,2074.79,Month-to-month,No
1327-MNUT,54,117.6,679.58,One year,Yes
7473-EUSF,24,32.56,5338.86,Two year,Yes
4535-DYAV,25,21.69,4803.39,One year,No
8346-KUNI,71,97.02,3379.65,Month-to-month,No
0791-YIQP,52,100.72,3435.32,Month-to-month,No
6892-KNEC,70,32.02,6302.0,Two year,No
5480-COAR,33,46.56,1646.13,Month-to-month,Yes
4109-HGRB,49,21.76,6580.0,Two year,Yes
0518-KECN,29,49.33,5225.1,Two year,No
4098-DFLS,63,97.31,3409.86,Two year,No
4695-NRHA,22,71.8,3718.43,Two year,Yes
1038-NXWL,26,54.81,2127.51,Two year,No
5728-LSSH,28,57.17,6041.7,One year,No
6812-XTLX,49,20.14,4151.71,Two year,No
1539-GWHQ,71,49.98,2634.75,One year,No
2967-FMZO,49,84.65,4808.8,Month-to-month,No
9017-ILGN,20,117.42,7966.3,Two year,No
4067-JTWK,63,104.71,3538.57,Month-to-month,No
0193-TMBO,61,22.36,7373.46,Two year,No
2918-VEAC,49,109.86,2825.63,One year,No
2530-TRDJ,71,98.32,532.39,One year,Yes
2062-SVVQ,1,98.04,1713.51,One year,No
7833-BAUT,13,65.8,3407.69,Month-to-month,No
9320-KZIE,51,59.8,1835.12,Two year,No
6287-VEEK,56,50.29,101.79,Month-to-month,Yes
1351-FOYD,62,26.57,7328.51,One year,No
2314-IKLB,32,42.82,6766.65,Month-to-month,No
8630-FHPZ,30,44.66,5964.11,One year,No
1598-EYPZ,29,68.41,1425.74,One year,No
6696-IQWI,49,94.74,1050.87,One year,No
8436-PJQG,45,67.38,634.08,Two year,No
5926-XITT,30,25.78,5819.83,Two year,Yes
6032-DFAY,16,115.78,7437.58,One year,No
5973-HQTN,40,114.27,3501.23,Month-to-month,No
9620-WIGO,19,98.52,1041.21,Month-to-month,No
9626-SPJI,18,119.13,4147.9,Two year,No
4080-FQDF,1,74.45,2855.77,One year,No
0589-GCSI,47,116.28,3061.12,Month-to-month,Yes
7212-HLQH,66,27.56,5008.51,One year,No
7093-ELNT,38,56.57,5777.87,Month-to-month,No
7870-JWTX,51,42.54,973.77,Two year,No
5172-MLJP,63,39.58,381.16,One year,Yes
0141-EANS,4,34.08,7955.21,One year,No
4999-JMQP,1,82.24,1938.55,Month-to-month,No
4093-OFLG,8,98.13,525.26,Month-to-month,No
9754-RSQY,29,77.83,1600.02,Month-to-month,Yes
7208-QRSQ,55,34.7,407.77,One year,Yes
2462-PYVA,3,101.11,3195.31,Two year,Yes
7693-PXNE,32,83.6,6438.97,Two year,No
4823-ZRJI,10,58.82,2795.83,Month-to-month,Yes
4870-QUID,34,87.41,3609.05,Two year,Yes
7933-ZVAB,55,45.99,5437.14,Month-to-month,Yes
6567-EJSF,32,54.52,4120.26,Two year,No
1948-EBET,50,111.75,6905.42,One year,Yes
2946-QWEH,7,49.05,6941.68,Month-to-month,No
3235-MRCB,8,67.0,178.29,Two year,No
7059-CNAP,65,109.01,6246.57,One year,No
9794-ILJX,57,90.77,3739.8,Two year,No
9896-JBJI,67,26.22,7911.84,One year,No
1467-XDPW,59,34.73,3917.53,One year,No
2683-QRMK,72,20.78,7896.48,Two year,No
1998-AJBU,54,83.09,6061.1,Two year,No
3464-PCLY,67,64.77,2063.98,One year,No
9989-THFD,51,33.43,4353.32,One year,No
5585-DUHR,8,115.79,7937.87,One year,No
5814-DRGF,34,72.97,6874.49,Month-to-month,No
7604-SEYX,35,44.19,869.2,One year,No
7224-XDDN,32,70.06,5680.34,Month-to-month,No
7068-YTPQ,46,87.96,2830.08,One year,No
3773-QOWV,16,27.62,155.16,Month-to-month,Yes
2100-TYTD,68,47.47,3287.5,One year,Yes
3895-ABNW,37,100.7,1954.56,One year,No
9336-UNPF,54,65.97,6569.07,One year,Yes
3541-YVML,14,74.66,2764.91,Two year,No
6168-SPIZ,55,63.28,6637.44,Two year,Yes
1974-VMSJ,48,24.39,104.72,One year,No
9382-TVSB,7,36.57,2531.77,Month-to-month,No
8143-ZRWZ,7,64.55,2005.21,Month-to-month,No
5369-TKNH,33,40.92,1945.18,One year,No
6183-DTPU,23,25.0,638.67,Two year,Yes
8741-DSHD,19,104.36,1578.28,Month-to-month,Yes
2770-SORZ,19,118.12,4488.84,Two year,No
1948-YCZE,36,99.31,2401.75,Month-to-month,No
0965-ZQKA,29,105.38,3397.42,One year,No
2469-QJRU,60,44.2,3077.25,Two year,No
6786-HQJD,2,116.06,7019.65,Month-to-month,No
0465-AOOH,1,39.69,7251.86,One year,No
7714-QLOC,47,115.14,3994.36,One year,No
0971-VAON,69,119.48,2708.23,One year,Yes
8455-SUDT,20,91.17,943.73,Two year,No
9815-EOUD,11,118.11,7631.88,Two year,No
1215-WAZN,2,76.95,575.79,One year,Yes
3549-AHYN,67,45.95,2451.44,Two year,No
7645-SNZJ,12,63.7,2454.72,Month-to-month,Yes
5208-GEHV,20,79.36,2631.17,One year,No
9623-DQBG,5,27.31,1397.87,One year,No
3940-GLSN,37,82.23,6286.98,Two year,No
0796-FJRV,38,118.12,1067.73,One year,No
6419-LAPC,9,39.01,5115.76,Month-to-month,No
1150-QJIH,53,99.26,1078.38,Two year,No
8203-ZJCY,44,110.79,657.23,Two year,No
1738-MNSW,24,114.37,7284.49,One year,No
5681-YKIT,30,116.01,1602.02,One year,No
9558-MDAN,59,72.15,6587.88,One year,No
1137-BSZS,14,117.73,4402.58,Two year,Yes
2671-ZUNH,9,95.73,715.07,One year,No
4988-HWYK,40,36.17,7648.04,Month-to-month,Yes
3007-YEBT,66,67.69,2050.99,One year,No
5489-LNTM,25,91.83,6891.2,One year,No
5986-KQXT,22,44.73,1433.6,Two year,Yes
7772-TYVW,4,84.06,6846.15,One year,No
5669-RWNF,26,86.66,204.51,Two year,No
0859-KJJC,58,36.27,4143.07,One year,No
9257-DHHF,29,76.51,6178.6,Month-to-month,No
7523-YQVA,37,97.16,7484.88,Month-to-month,No
4643-QIJA,70,69.89,7282.7,Two year,Yes
8131-MCND,18,21.21,6575.04,Two year,No
1416-FKHL,42,20.9,7116.71,One year,No
1814-VEJL,41,55.7,1673.84,One year,No
3811-BKTX,38,112.62,2345.06,Month-to-month,No
1146-GKOU,34,42.87,2382.85,One year,No
7378-NYVK,17,83.44,3078.73,Month-to-month,No
1101-NTGR,37,42.21,3207.23,Two year,No
3974-HMTG,25,52.17,4401.99,One year,Yes
1527-WZGV,27,104.8,1363.05,Two year,No
1787-NEZP,57,92.89,5560.85,One year,No
6210-ZYLQ,31,29.54,1423.78,Month-to-month,Yes
0043-QGIM,6,62.87,2551.44,Two year,No
5632-HJKI,40,22.92,4076.43,Two year,No
0007-FMXC,12,68.09,6391.88,One year,No
1933-CAOW,53,86.24,5941.81,Two year,Yes
3737-NJQF,71,31.85,5199.72,Month-to-month,No
3817-DPXR,10,48.89,1330.61,Two year,Yes
1790-OISZ,45,59.78,4421.66,Two year,No
2701-OGWW,17,111.95,790.83,One year,Yes
9984-SXBK,26,119.33,3081.17,Two year,No
9505-SDBO,62,24.49,3366.78,One year,No
7673-RWZE,46,96.1,414.51,One year,No
7374-HEEF,64,57.17,2264.51,Two year,Yes
6874-SNHF,2,59.25,7649.63,Month-to-month,No
7510-GBDW,54,95.43,7633.7,One year,No
9276-GVNA,65,111.84,2883.38,Two year,No
3630-SOSK,51,115.09,440.49,One year,No
6308-VFZE,53,77.71,1514.85,Month-to-month,No
9597-UCTJ,36,55.71,3198.52,Month-to-month,No
6865-VFGP,26,98.75,7587.46,One year,Yes
8712-SJXC,29,45.1,1215.47,Month-to-month,Yes
1181-MSQA,21,76.41,6131.78,Two year,No
1136-BBGX,11,55.86,958.59,Two year,Yes
9157-VPJA,40,85.66,7851.93,One year,No
8760-GCDQ,11,44.04,3114.77,Month-to-month,No
0991-TISF,36,39.16,6224.35,Two year,No
4541-IEBR,59,111.82,2806.47,Two year,Yes
6181-HNVD,39,30.18,5058.58,Two year,Yes
9041-RFWK,54,70.6,1616.93,One year,No
8811-CCYJ,55,42.09,1253.57,One year,No
6199-XPEN,24,23.89,7510.71,Two year,No
5616-HVJC,22,23.6,7349.41,Two year,Yes
9698-SBAY,69,37.52,7111.0,Month-to-month,Yes
1633-SUMB,56,106.68,5040.92,Month-to-month,Yes
5920-ZEKI,33,48.25,6485.32,Month-to-month,No
4647-IURG,36,115.05,645.39,One year,No
4455-VKPK,20,78.16,2744.83,Two year,Yes
5677-GAZA,62,63.66,2578.25,One year,Yes
5990-JWWV,26,78.01,5121.6,Two year,No
2189-XGVB,66,71.67,2912.07,Month-to-month,No
1973-AZJS,40,95.88,1273.2,Month-to-month,No
6088-AJCC,17,48.25,4812.09,Month-to-month,Yes
5811-TTSH,1,55.31,6533.63,Month-to-month,No
4376-HEWA,61,109.41,3118.78,Two year,No
7508-RWOV,43,114.65,1144.92,Month-to-month,Yes
9574-EZNZ,42,109.26,1653.84,Two year,Yes
1262-ETOV,25,61.94,1976.12,Two year,No
8436-VEUQ,39,98.04,2469.19,One year,Yes
1106-WAHO,35,67.63,5178.08,Month-to-month,Yes
0573-OQAG,3,69.75,4847.47,Month-to-month,No
9557-BIYA,44,40.47,5599.03,One year,No
3231-TSZS,51,79.11,2963.77,Two year,No
0471-UDPJ,12,38.61,6609.58,Month-to-month,No
5821-MXCS,19,53.16,1712.29,Two year,No
8867-EZNS,44,105.5,3805.42,One year,No
6937-IJWL,59,40.71,6427.42,Two year,Yes
8732-PBDQ,49,27.12,1523.25,Month-to-month,No
4818-OZUC,61,26.9,967.92,Two year,Yes
0391-HJCE,17,114.08,7081.1,Two year,No
7242-WQDD,57,70.69,2809.14,Month-to-month,No
5084-WXDJ,55,60.94,5502.57,Month-to-month,No
8936-NGWR,47,101.09,300.25,Two year,No
6672-VAWH,12,103.58,5551.37,Two year,No
1303-MCMQ,62,53.22,2597.2,One year,No
9407-XXTF,8,89.36,540.35,Month-to-month,No
3394-SMHA,21,97.11,4917.52,Two year,No
1463-APJY,70,85.47,2002.35,Month-to-month,No
3440-WYRH,72,35.16,3155.78,One year,No
6004-HSWN,25,107.59,736.59,Two year,No
6280-XITE,12,73.91,1262.59,Two year,No
3446-ESJS,15,48.25,2454.02,Two year,Yes
3075-CRQI,59,62.52,809.1,Month-to-month,No
9977-IDLD,26,23.76,7295.53,One year,No
8194-NALV,26,32.79,147.77,Month-to-month,No
1490-FZKO,47,96.55,3922.5,Two year,No
1339-ZOAV,32,20.0,1073.65,One year,No
0858-SQLK,10,61.66,2530.66,Two year,Yes
3557-CELE,16,72.25,7415.87,Two year,Yes
5538-RLHQ,71,25.46,1377.39,Month-to-month,No
9898-CQQK,17,117.31,7730.08,Two year,Yes
4790-LPAH,23,42.61,1725.78,One year,No
4243-FMDZ,26,50.42,5958.37,Two year,No
9487-TAJF,7,50.39,4418.75,Two year,No
2828-UKGX,14,43.04,7087.38,Month-to-month,No
4013-VVPI,7,20.15,4476.55,One year,Yes
9929-FQVU,9,92.93,4323.02,Month-to-month,No
5169-EXNL,48,116.68,1644.12,Two year,No
0856-UVQG,72,42.43,1413.21,Month-to-month,No
5920-LQPA,59,86.3,7340.26,Month-to-month,Yes
7903-TDLQ,39,94.19,2689.92,Month-to-month,No
3282-NGUU,18,104.84,3039.45,Month-to-month,Yes
7629-QQPC,59,62.26,6102.61,Two year,No
4512-XCMJ,17,50.29,2776.71,Two year,Yes
8340-BYBR,14,52.53,7621.29,One year,Yes
3398-EAEO,31,91.26,5929.63,Month-to-month,Yes
6099-MPOE,24,101.68,4819.69,Month-to-month,No
7910-ANDW,60,38.16,7059.07,One year,No
1232-SYGM,45,57.09,491.89,Month-to-month,No
9352-TMNK,3,110.19,2130.8,One year,No
1168-HKPT,37,100.67,3773.79,Two year,No
3794-WLTV,43,118.49,1893.13,One year,No
6645-JQBE,40,95.42,5976.85,Month-to-month,No
0552-VQZJ,55,59.32,7361.74,One year,Yes
0137-JBRJ,39,79.06,3447.78,Two year,No
7130-IMUX,15,86.1,2802.85,Month-to-month,No
5365-CHPW,4,27.85,7696.25,Two year,No
8084-TIIF,25,74.45,3614.33,Two year,No
8494-DEIJ,13,90.93,3963.48,One year,Yes
5268-ZXHV,33,36.73,2878.03,Two year,Yes
4890-QBCU,16,98.06,7285.43,Month-to-month,No
7274-OIPK,42,78.38,4594.75,Two year,Yes
6489-DJQA,66,115.22,6121.18,Two year,Yes
0013-RLEE,55,24.24,6513.27,One year,Yes
9399-YWGU,42,46.53,2800.61,Two year,No
1903-PVHE,34,80.16,3526.19,One year,Yes
1418-TXZK,30,49.66,6802.93,One year,No
4155-RZIT,13,91.44,2969.72,Month-to-month,No
2220-OWRT,13,95.9,6372.09,Month-to-month,No
2090-AFVE,18,30.25,7533.84,Month-to-month,Yes
1255-WTIL,32,71.39,5023.36,Month-to-month,No
1592-JZWN,39,70.89,5958.86,One year,No
7121-HWQD,46,56.93,6460.27,Two year,No
8728-EARL,29,113.29,6775.81,Month-to-month,No
2904-DNNB,62,102.75,3220.92,Month-to-month,No
2067-KHKP,62,89.72,504.98,Month-to-month,Yes
5446-QYFB,57,91.43,3274.82,Two year,No
0201-FQSK,16,66.17,5422.67,Month-to-month,No
1782-FUJH,56,112.1,3657.77,Two year,Yes
5705-SMHX,10,89.46,6016.81,One year,No
2301-XDAM,30,92.9,2920.16,One year,No
3120-RWPZ,25,106.17,5114.48,One year,Yes
5421-VOZV,5,47.41,1572.72,Two year,Yes
5110-HTLT,65,100.71,6020.02,Month-to-month,Yes
9243-AJSX,49,39.52,4411.0,Month-to-month,No
7895-CRSA,3,54.53,1712.11,Month-to-month,Yes
9861-MGTZ,45,53.56,2406.1,Month-to-month,Yes
3719-QZWR,14,117.85,6014.01,Month-to-month,Yes
8495-GRXK,30,105.65,3912.55,Two year,No
4930-NIPL,68,90.12,1806.65,One year,No
4972-ZMRM,18,92.71,7741.44,Month-to-month,No
1966-HHUA,62,76.21,5749.49,One year,Yes
0250-HLRA,37,114.71,7661.37,Two year,No
2328-RTEC,25,69.63,3474.13,Two year,No
2915-CFMJ,48,58.05,3853.29,Month-to-month,No
8649-CGHI,65,36.3,7193.85,Two year,No
5635-RFDO,53,98.62,4247.89,One year,No
3056-OJWL,15,93.44,5687.5,Month-to-month,No
1439-SMLK,49,58.44,2092.17,Month-to-month,Yes
4059-KTPH,68,22.52,3629.14,One year,No
2515-OHTK,12,103.9,1075.25,Month-to-month,No
4088-LBBV,59,21.14,1727.24,Month-to-month,No
6302-MIBT,37,90.37,107.45,One year,No
6702-DTMF,61,117.03,410.19,Month-to-month,No
6833-ZAMR,43,63.77,7820.54,Month-to-month,Yes
1061-CFMV,70,43.5,2014.59,One year,Yes
4014-ZVVO,39,90.49,5340.15,Two year,No
8686-LQEV,56,101.71,6728.89,One year,No
6175-MHRY,63,74.64,4450.22,Month-to-month,Yes
4636-CKLA,46,116.7,1309.84,One year,Yes
4503-QXQB,11,25.17,5852.12,Month-to-month,No
9947-HZJW,62,70.48,4841.99,Month-to-month,No
5373-BRJS,25,91.85,5876.88,One year,No
3772-THKX,71,106.26,6181.0,Month-to-month,No
6346-OYUN,52,37.93,7805.74,Two year,No
1393-QKBW,4,100.0,4631.15,Month-to-month,No
1019-MTZV,59,75.27,2798.96,One year,No
7281-XTKB,72,59.66,5222.87,Two year,No
6180-TPVY,20,33.17,640.68,Two year,No
3639-OFGL,63,106.53,7189.44,Month-to-month,No
2218-VEPQ,54,35.73,1043.11,One year,No
6288-JKOB,57,50.98,2689.96,Month-to-month,No
1796-MVOM,41,49.0,6544.39,Month-to-month,Yes
3651-BLJB,3,107.14,4818.77,One year,Yes
0721-FPIF,6,87.27,3209.72,One year,Yes
9927-BWZB,5,99.67,3840.14,Month-to-month,Yes
5895-KBSC,5,45.05,6850.92,Two year,Yes
4920-IGIT,54,82.49,2786.03,Month-to-month,No
1579-RWGB,47,77.17,6970.23,Two year,No
9977-AZYP,49,103.28,796.26,Month-to-month,No
6059-HBAN,9,110.61,6236.71,One year,Yes
6438-ZABU,20,21.22,6795.63,Two year,No
8586-TOBT,61,87.4,1536.36,One year,No
6441-LXZJ,35,25.18,3499.74,One year,No
1402-PFTX,50,74.89,1407.45,One year,No
7590-SVBD,62,48.76,5682.17,One year,Yes
1036-GHPM,17,50.68,4329.25,One year,Yes
1025-MTJX,3,55.3,5119.05,Month-to-month,No
2797-HQNG,32,82.13,1652.25,Two year,Yes
6509-SQHF,13,53.4,1772.79,Month-to-month,No
1927-FJVD,68,93.27,427.83,Month-to-month,No
9664-CMAH,14,60.45,2644.33,Month-to-month,No
3802-PMWK,11,26.84,4521.98,One year,Yes
0214-BHOJ,56,98.38,6877.69,Month-to-month,No
0689-XVPT,67,48.58,5368.73,Two year,No
3844-STBC,29,63.28,3539.63,Month-to-month,No
3768-YMOO,9,88.54,7629.65,One year,Yes
5137-YDAU,67,53.25,5782.04,Two year,Yes
9025-IKQJ,25,25.66,7448.31,Two year,Yes
6786-DOIG,42,57.39,4267.94,Two year,Yes
1444-ZMVF,9,114.44,2145.34,Two year,No
0926-IBET,40,84.17,517.33,Month-to-month,Yes
2816-DQBC,25,87.15,5836.07,One year,No
0685-BSBS,5,83.23,1058.29,Two year,No
2268-JSPJ,11,39.9,2491.92,Two year,Yes
0452-IJVK,59,61.83,4306.52,One year,No
6813-UIKQ,38,95.09,4558.89,Month-to-month,No
4961-BYXA,72,30.14,4844.61,Two year,No
6857-NPIF,5,47.79,1413.42,Month-to-month,No
8073-ZCCY,48,47.63,3099.93,Month-to-month,No
2555-KTWN,18,63.2,4975.83,Month-to-month,No
0454-GVHG,70,118.04,7761.57,Month-to-month,No
2734-TDGT,37,26.75,5848.29,Two year,No
8335-XQPL,60,71.87,7388.57,Two year,No
4581-NUKP,48,37.94,6121.48,Month-to-month,No
1223-CKZO,28,117.07,4774.56,Month-to-month,No
6788-ADGO,69,31.33,1616.98,One year,No
9710-LRZD,40,60.36,5366.82,One year,No
8993-KOSD,45,93.79,5024.7,One year,Yes
8856-ZBTJ,62,90.46,4859.51,Two year,No
4448-HMDE,58,62.27,3969.31,One year,No
7990-XPJQ,67,54.65,4276.39,Two year,No
3455-YCHI,56,59.76,2742.1,Two year,No
5858-LIIE,40,46.43,4202.57,Two year,No
1879-FNOQ,40,40.53,1660.69,Two year,No
0212-LXHX,33,68.3,6460.88,One year,Yes
9796-DFVT,6,46.85,1567.64,Month-to-month,No
0995-UAVA,19,48.75,771.23,Month-to-month,No
2957-NVHC,40,85.68,3546.34,Month-to-month,No
7844-GWZT,59,116.85,5300.63,One year,No
1307-SINH,59,80.36,3557.96,Month-to-month,No
6577-IYLY,48,27.7,2286.36,One year,No
7386-WAQA,41,27.56,4509.55,One year,No
1396-GDVT,13,115.14,2841.32,One year,No
2189-WTAB,45,49.73,7469.65,Month-to-month,Yes
5214-GJPQ,53,29.21,7388.9,Month-to-month,No
4613-GHMU,42,79.9,4068.74,Month-to-month,No
3340-CWTH,63,82.36,2690.28,Two year,No
9361-MICS,27,84.85,5923.35,One year,Yes
7748-MKGH,38,46.74,390.03,Two year,No
5870-UGIK,60,21.51,3850.68,One year,No
4392-SIVI,7,116.5,2756.95,Month-to-month,No
4512-QYPI,5,45.09,7372.23,One year,No
6078-CSXT,45,87.6,194.82,One year,No
5653-FENW,58,90.66,4467.24,Two year,No
2893-FTYA,31,81.0,5951.24,One year,No
0913-MEHF,23,51.29,3931.64,Month-to-month,No
7221-URDT,42,47.11,774.68,One year,No
2007-TKAV,10,79.77,7782.44,One year,No
6177-FPII,32,106.61,4192.28,One year,Yes
5022-GRMH,53,114.67,4952.07,Two year,Yes
0954-XNGA,30,30.59,1969.22,One year,No
4335-CFZK,39,35.48,3919.63,One year,No
2356-IVZC,31,114.47,3490.28,Two year,No
1842-DQMS,2,93.65,691.68,Two year,No
5272-IIDI,12,108.3,938.67,Two year,No
5406-TUOI,39,40.26,6716.03,Two year,No
6375-WZCC,66,78.76,1994.58,Month-to-month,No
6371-TELZ,13,90.11,1640.17,Month-to-month,No
0418-MTOK,46,88.01,4088.8,One year,No
2429-RNPJ,27,60.82,6173.1,Month-to-month,No
6152-PSNG,17,21.54,589.38,One year,No
4997-WDNV,60,78.29,4656.78,Month-to-month,No
0410-ZIES,64,45.31,1041.76,Two year,Yes
5304-EJOF,35,65.03,388.04,Two year,Yes
6928-WPHQ,70,115.76,516.68,Month-to-month,No
4256-CDSH,30,59.9,6689.9,Month-to-month,No
2175-TIUP,71,103.98,1031.98,One year,No
2886-MEUZ,63,38.85,456.7,One year,No
0811-WIXB,28,87.25,3559.41,One year,No
5463-NDOJ,60,117.7,6767.55,Two year,No
3435-NWVY,37,30.19,2173.03,Two year,No
9878-OMUR,22,20.83,3431.53,Two year,No
5430-JMRS,68,63.36,415.39,Two year,Yes
2599-JETA,20,29.26,3647.72,One year,No
4503-CJGX,68,94.84,4663.14,Two year,No
6024-BSGQ,64,111.45,4610.17,Two year,No
9889-ZQMM,17,63.4,2726.17,Two year,No
8780-AXDT,12,45.87,2592.71,Two year,No
8148-BQBC,22,63.44,942.33,Month-to-month,No
5916-AVWI,17,92.34,2997.71,One year,No
7959-NYKV,10,20.91,886.01,One year,No
6085-SCLH,65,78.95,6156.11,Two year,No
1517-VAHJ,22,81.33,7733.57,Month-to-month,Yes
3565-MDCS,50,83.77,7763.59,One year,No
1597-UFJC,14,44.2,6934.06,One year,Yes
7286-XETD,64,91.41,4846.26,Two year,No
0711-IFEW,47,29.14,5636.84,Two year,Yes
1262-MPJQ,29,39.93,2353.13,One year,No
4680-VKNF,36,107.75,5083.09,One year,No
7387-FSNV,52,93.87,3699.63,Month-to-month,No
7072-MACR,7,21.37,3907.94,One year,Yes
1153-JPAS,29,44.84,6086.43,One year,No
6804-IQCX,11,41.44,2327.16,Two year,No
3410-VLOL,33,47.08,2612.51,One year,No
3823-IRHZ,6,44.76,7404.67,Two year,Yes
8795-KUYK,32,26.25,544.17,One year,No
0598-ZYFZ,51,65.89,3936.51,One year,Yes
7139-ZITU,58,93.27,7311.13,One year,No
4101-WHCG,26,80.67,4921.87,Month-to-month,No
2026-VJMI,46,87.29,4416.62,Two year,No
4669-RVST,29,28.11,2072.98,Month-to-month,No
0171-UXVS,4,115.15,2811.88,One year,No
4304-TPFP,13,103.85,6831.18,Month-to-month,No
7338-PTXQ,39,100.51,4517.82,Two year,Yes
1124-IRLH,15,102.3,4166.46,One year,No
3809-KERV,29,113.27,886.68,Month-to-month,No
4061-WUAI,29,74.43,226.62,Month-to-month,No
5344-YKUH,32,40.03,7713.11,Two year,No
2668-LJMI,2,81.68,3078.19,Month-to-month,No
5379-NJRD,47,94.29,4865.38,Two year,No
3951-VSLB,22,93.79,729.75,One year,No
2143-XRGI,27,72.14,5496.6,One year,Yes
2851-JAIQ,67,26.85,7467.28,Month-to-month,No
5307-GCCS,56,57.11,4647.76,One year,Yes
6429-RGVV,21,112.08,1096.31,One year,No
7540-JDZQ,47,78.44,4695.6,Month-to-month,No
8390-YTKA,59,73.83,6154.14,One year,No
9268-VLDE,6,46.89,3310.69,Month-to-month,No
2358-GUJM,19,56.84,7050.72,Two year,No
7477-HRPX,57,109.53,5224.6,Two year,No
6240-KDGP,69,86.65,7204.07,Two year,Yes
9320-IBHS,3,98.74,5025.69,Month-to-month,No
8563-KYAI,1,65.43,1137.17,Month-to-month,No
3447-FSRG,58,83.02,2546.56,One year,No
0896-OIFZ,38,44.84,1694.18,One year,Yes
3236-AQEJ,15,90.55,7279.73,One year,Yes
4909-OMGX,34,62.76,6107.16,One year,Yes
1680-FZOE,61,64.25,5443.55,One year,Yes
1774-KTKP,35,84.93,2477.63,Month-to-month,No
3318-YTIN,64,113.63,1553.95,Month-to-month,No
3844-VLYE,25,26.4,6075.96,Two year,No
2534-EXJQ,24,102.47,3845.85,Two year,No
9466-DQZP,12,49.24,1883.74,Two year,No
7932-OMCJ,18,64.39,4971.31,Two year,Yes
7865-WWEJ,15,22.19,418.64,Month-to-month,No
8199-IHXF,27,50.1,2676.75,Month-to-month,No
4269-UZNC,72,70.26,3801.6,Month-to-month,Yes
6391-MZAA,60,25.62,1268.87,One year,No
6898-BKGS,46,69.11,7878.77,One year,No
1765-AMSH,17,112.71,1751.87,Two year,Yes
3873-SNQL,53,30.54,1129.79,One year,Yes
1128-TCEK,8,96.44,1707.93,Month-to-month,No
3972-CQBX,27,60.97,6175.58,Two year,Yes
4222-LUSO,46,85.52,3461.49,Two year,No
5712-FJJH,50,46.02,4566.79,One year,Yes
9164-LHTS,71,35.95,265.97,Two year,No
1236-AFHP,3,36.05,372.01,One year,No
2779-KQEI,64,27.05,3622.02,One year,No
1833-WMEN,44,38.56,6551.58,Two year,No
1809-IIFH,53,86.42,7093.39,One year,No
7763-LXXV,24,108.17,784.98,One year,No
8752-FRKC,60,101.41,4353.07,One year,No
3055-TWZB,3,88.51,7314.51,One year,Yes
5227-RQGR,20,31.04,3164.98,Two year,Yes
4065-CEVB,46,48.92,6653.57,Month-to-month,No
9502-PPMN,15,50.98,1156.2,Month-to-month,No
7361-DCFO,25,45.0,7489.62,One year,No
2455-WCXU,71,71.5,6036.24,One year,No
1864-ATPM,17,73.56,7536.54,One year,No
1559-HWGH,9,55.69,5445.28,Month-to-month,No
5349-YMIZ,38,55.38,2970.89,One year,No
4104-HYLQ,48,102.86,7511.63,Two year,Yes
5177-FNIN,60,98.93,2276.98,Two year,No
1365-EETU,63,50.78,2724.16,Two year,No
8619-ZQUU,2,111.38,5636.39,Month-to-month,No
2948-HDIJ,72,115.28,6146.0,One year,No
7443-KTKZ,11,52.67,7442.29,One year,No
3897-ASFS,64,55.44,1717.94,One year,No
2337-IOFF,72,70.56,6404.18,Month-to-month,Yes
5812-IMSM,21,114.11,5934.51,Month-to-month,Yes
9066-XMHP,18,107.63,603.98,Month-to-month,No
3162-JYCD,64,30.26,3159.06,Month-to-month,No
7374-DDHF,38,59.27,2333.85,Two year,No
0257-GNHA,32,75.34,2505.47,Month-to-month,No
7077-IWXL,11,70.31,7865.28,Month-to-month,Yes
8144-IRSG,45,39.39,5177.94,Month-to-month,No
7014-KMBN,33,105.88,5769.64,One year,No
9504-ANUU,41,87.69,7815.28,One year,No
4567-OZUN,8,103.79,3079.89,One year,Yes
7809-PZTT,11,105.88,6434.54,Two year,No
4248-TQBQ,51,94.84,3532.79,Two year,No
3568-LAOA,41,63.92,6969.32,Month-to-month,No
8024-GFRI,17,81.05,1527.19,One year,No
4675-JWWD,46,36.04,7586.72,Two year,No
7210-PVUO,32,87.36,1828.3,One year,No
9332-FHLH,54,37.93,2677.14,Two year,Yes
9231-XLVJ,20,89.39,6073.92,Two year,No
4773-LKFJ,33,42.96,3210.67,Month-to-month,No
8019-SDTD,40,31.76,4904.87,Month-to-month,No
4673-EZUJ,32,36.53,3612.13,Two year,Yes
2140-UKWJ,2,20.2,5964.72,Month-to-month,Yes
9848-HZCQ,33,91.87,1903.82,Two year,No
3492-QIDG,30,93.24,561.82,Two year,No
5116-TBUW,33,71.49,2469.44,One year,No
6341-EYZT,26,36.14,3847.04,Month-to-month,No
8181-EMHQ,22,28.36,1427.36,Month-to-month,No
9237-IXAW,66,21.91,2902.9,Month-to-month,Yes
9035-NEAX,38,36.57,3259.87,One year,No
0914-ZWND,46,109.09,553.4,One year,No
6634-XDRJ,15,44.15,4708.13,One year,No
6747-WFFD,44,55.43,7086.31,Month-to-month,No
9200-KXCF,49,30.53,1298.77,Month-to-month,No
1639-RNPW,61,42.24,4822.68,Month-to-month,No
7146-PYAX,67,71.92,5351.44,One year,Yes
3011-DAUE,6,80.78,3412.74,One year,No
3543-QVPL,9,44.54,5638.67,Two year,No
2651-HTYI,6,25.77,3344.78,One year,No
8284-ORRI,32,59.1,4086.63,Two year,Yes
5036-ZDFL,41,43.42,158.09,Month-to-month,Yes
1528-HLZC,8,41.96,5564.59,One year,No
8539-ZFVF,72,115.99,5324.61,Month-to-month,No
0736-DWNU,50,81.63,403.37,Month-to-month,No
3295-JCEQ,62,75.69,3009.18,Month-to-month,No
6871-YPWH,62,61.58,7834.35,Month-to-month,Yes
9929-ZXMD,7,62.89,3423.82,One year,No
9025-IXPY,4,74.09,4065.37,Month-to-month,No
0418-TUYG,6,89.64,7288.45,Two year,No
7631-VBZH,58,90.21,5766.37,One year,No
8179-DLRT,22,37.17,4698.35,Month-to-month,No
0131-QMRH,26,70.01,6402.66,One year,No
1740-ZXIH,3,61.2,6928.49,Two year,Yes
9381-MPWR,41,107.05,3709.42,Month-to-month,No
7721-ZPPJ,60,83.14,3853.36,Two year,No
8689-KQWH,14,73.25,3149.8,Month-to-month,Yes
7225-KVZC,12,31.54,7736.98,Two year,No
1824-PRCU,12,80.56,5607.61,Month-to-month,No
7583-NYJP,13,31.72,757.46,One year,Yes
5795-DTJR,25,53.72,6917.38,Month-to-month,Yes
9437-JUWO,45,34.28,3896.42,One year,No
5986-URAO,19,89.21,643.16,Month-to-month,No
0909-USWG,55,40.63,4442.77,Month-to-month,No
8392-LBLZ,45,59.19,3395.6,Two year,No
2727-OIKJ,8,109.57,7034.22,Two year,No
8883-QTVF,53,40.43,1711.56,Two year,No
8176-IMEJ,55,70.78,6629.07,Month-to-month,Yes
2738-XTYI,32,61.93,4505.74,Month-to-month,Yes
1597-OTNK,51,21.81,531.42,Month-to-month,No
6105-WKGS,44,99.28,7777.58,One year,Yes
5391-YVXH,70,26.9,4149.66,One year,Yes
5094-BORH,18,67.43,2397.93,Month-to-month,No
4892-FQFA,22,76.07,3808.31,Two year,Yes
2068-KOOK,37,82.84,6877.08,Two year,No
8568-ZTSZ,56,88.86,2508.73,Two year,No
8239-YIJY,59,45.33,1622.14,Month-to-month,No
1892-NDZU,3,21.0,1119.66,Two year,No
5438-PSSQ,28,92.34,2453.09,Month-to-month,Yes
5945-BQML,35,73.57,6262.38,One year,No
9155-BJWD,61,103.61,3825.85,Two year,No
6075-YSSM,54,102.14,1897.1,One year,No
7992-LNRI,63,104.33,1412.86,Two year,Yes
5891-ORIA,7,68.51,2728.56,Month-to-month,No
6731-ZPNS,49,53.36,7525.4,Month-to-month,Yes
7267-EEQM,31,99.16,2809.91,Month-to-month,No
1095-YKKS,58,65.13,7906.18,Month-to-month,No
1303-SWME,61,38.34,3933.32,Two year,Yes
4296-ITNA,24,105.5,1515.39,One year,No
6903-EZNA,20,108.26,7140.01,Month-to-month,No
3095-WYEQ,37,66.63,3736.81,Two year,No
1238-XPOX,4,27.57,5706.4,One year,No
7811-VABN,20,58.78,7871.32,Month-to-month,No
9983-HJEN,60,100.35,496.39,One year,No
9469-XYYO,24,110.18,863.89,Month-to-month,Yes
3415-IJGV,50,40.35,5791.61,One year,No
1439-XVXS,49,26.7,2326.42,One year,Yes
8056-INON,51,107.74,1555.98,Month-to-month,No
3523-LFYL,36,58.94,410.96,Two year,No
4001-OPHZ,66,74.18,272.59,One year,No
7765-BYHP,34,116.81,6218.44,Month-to-month,No
9567-NBHE,36,26.66,1162.02,One year,No
9088-TNEJ,6,84.83,3794.99,One year,No
6909-XSBF,39,27.41,4886.58,Two year,No
2609-FRYA,42,57.55,3483.98,One year,No
2889-ZVJV,58,100.38,314.14,One year,No
0126-WKOW,12,63.35,6289.66,Month-to-month,No
6287-HRKK,3,119.72,183.05,Month-to-month,Yes
2984-PQKS,18,75.91,6118.93,Two year,No
4626-CXME,40,52.12,7157.11,One year,No
3926-YKNH,21,42.01,3519.44,One year,No
5118-WYOM,15,55.05,4330.79,One year,No
1941-FVET,26,57.25,3868.17,Two year,No
8264-DPBY,8,26.87,3174.75,One year,No
7123-OYIY,42,56.96,7110.65,Month-to-month,No
9326-KDHB,44,66.42,7162.07,Two year,Yes
1164-WBGN,14,92.27,2752.95,Month-to-month,No
5190-RKNQ,2,85.67,4959.05,Month-to-month,No
1931-CGJO,37,90.88,7422.57,Two year,Yes
8712-QOBQ,69,20.84,7700.26,Month-to-month,No
9962-QLTR,38,41.77,4120.78,One year,No
6394-XDNJ,41,86.17,3677.32,Two year,No
1619-ZWJA,62,68.4,2301.69,Month-to-month,No
8147-OFKV,60,20.53,7675.09,One year,No
3944-TLKJ,14,100.45,1228.23,One year,No
3372-FEFW,2,97.28,4680.65,Month-to-month,No
6695-TKQF,70,74.84,2332.15,One year,No
1163-VUQB,17,26.65,2304.17,Two year,No
2513-NELS,28,96.65,3299.25,Month-to-month,No
3627-OEKU,66,78.37,7990.46,One year,No
1448-DYIY,35,98.2,534.23,One year,No
6786-UCAW,5,95.17,4670.48,Month-to-month,No
0839-FDFV,65,100.3,752.32,Month-to-month,No
3958-MSHC,40,71.8,1320.71,Month-to-month,No
5914-NQEO,56,34.03,3572.55,Month-to-month,No
4969-ZRDL,36,87.12,4132.64,Two year,No
7133-EARV,45,82.05,2144.46,Month-to-month,No
9518-ZYOX,23,94.23,2600.01,Two year,No
9801-HKDZ,47,36.99,787.04,Two year,No
7693-SYCP,31,39.5,2495.44,Month-to-month,No
7084-EWEH,11,109.04,7735.81,Two year,No
5949-BGHL,10,95.0,7563.19,Month-to-month,Yes
4077-LCOD,67,110.82,2745.54,Month-to-month,No
9670-JXJA,14,95.87,4609.75,One year,No
6638-WUKI,10,79.72,7285.8,Month-to-month,No
9754-GXXC,1,85.41,148.85,One year,No
6351-VUCB,5,108.91,6504.4,Two year,No
3187-WAAU,20,77.88,7592.12,One year,No
8616-WLWU,8,83.24,821.47,Two year,No
1171-TCCY,43,35.65,1375.44,Month-to-month,Yes
0720-CINM,1,67.39,7689.9,Two year,No
1961-HRWB,57,91.64,4346.57,Two year,No
1011-DOZS,64,47.09,212.15,Month-to-month,No
7013-ZEQP,28,40.23,2135.29,Two year,Yes
6524-VTNR,37,51.38,3654.56,Month-to-month,Yes
9270-BITQ,47,44.15,5573.98,One year,No
8077-ATCP,37,41.49,5891.97,Month-to-month,Yes
9366-BGVL,49,62.49,7963.83,Month-to-month,Yes
7447-IZEP,44,110.78,2371.34,Two year,Yes
0344-YWZM,56,70.71,4351.94,One year,No
8417-KADI,28,38.79,4313.26,Month-to-month,No
9630-UREP,6,27.7,3304.6,One year,Yes
1031-IAKH,61,89.62,1436.38,One year,Yes
9524-SLYE,20,58.28,7821.91,Two year,No
9090-IMHG,2,102.18,6841.21,Month-to-month,No
9840-IEQR,37,85.95,4036.83,Two year,Yes
4112-SUWJ,20,99.62,4865.64,Month-to-month,No
9044-FIGW,26,47.19,1895.36,One year,No
3997-OPIF,29,89.24,4395.92,Month-to-month,No
1369-FPGV,1,46.41,5590.26,Month-to-month,No
4405-CTQC,35,113.91,4169.82,One year,No
4689-GLUU,70,83.64,7923.25,One year,No
2180-GQIV,59,52.45,4929.6,Month-to-month,No
4123-ZPNV,69,46.95,3030.69,Two year,No
6951-TTFU,33,39.09,6200.0,Month-to-month,No
2748-AGDA,51,89.46,1446.65,One year,No
6704-XDQO,12,41.87,3137.67,Two year,No
5712-HSLE,20,79.53,2840.98,One year,No
1918-OJIS,53,46.46,3511.28,One year,Yes
5663-IVAH,43,86.2,6276.06,Two year,No
5580-SDBB,50,101.49,3924.97,One year,Yes
1592-TZIK,29,97.8,6372.71,One year,No
7455-QKEV,57,96.09,4654.26,One year,Yes
8419-GGQO,39,38.77,2802.35,One year,No
0820-FGDW,56,28.84,6498.83,One year,Yes
5376-ATMR,43,89.89,1982.49,One year,No
6505-FPAS,50,56.83,1872.63,One year,No
5381-FNXT,23,63.23,4085.57,One year,No
2551-FPII,44,23.11,2160.71,One year,No
2120-PQNK,38,45.96,171.79,Month-to-month,No
1087-WFOT,23,23.37,5221.55,Month-to-month,No
8688-JBQO,45,107.92,4137.64,One year,No
8253-FEIM,52,44.34,3619.59,Month-to-month,No
7743-TXMP,50,75.73,7739.05,Two year,No
7690-CAAB,8,23.9,4612.47,Month-to-month,No
0204-SYCJ,1,86.68,6921.11,One year,No
6973-HQHA,8,52.3,1201.66,One year,Yes
1149-ZXDQ,29,109.79,4596.73,Month-to-month,No
9789-ECSL,5,108.81,6957.04,One year,No
8620-OBRF,47,52.53,4706.54,Two year,No
3304-MEAX,34,110.1,5772.31,Two year,No
6987-SFGR,65,119.62,3039.14,One year,No
9168-ZBOW,55,102.54,830.35,Two year,No
5777-THCJ,43,104.49,3717.41,Two year,Yes
8539-SOIQ,30,44.9,3216.39,Month-to-month,Yes
4539-TDRX,17,77.67,6949.78,Two year,Yes
6490-GDYQ,26,26.73,2027.56,Month-to-month,No
4568-IXZD,8,29.49,7737.2,One year,No
3678-OZUV,47,119.89,7669.29,Month-to-month,No
3889-ONOG,72,52.66,2056.29,One year,No
5976-UMIV,46,94.82,2849.61,One year,No
3958-FJKT,68,100.67,7174.89,One year,No
1648-XEAU,33,105.8,7736.32,One year,No
5110-YGKV,1,119.76,3603.17,One year,No
5080-ADEU,19,44.15,2635.88,Month-to-month,No
0294-JKSH,31,24.04,4256.14,One year,Yes
3245-MPBM,14,61.12,5533.38,Two year,No
0307-WJOC,53,33.01,2260.45,Two year,No
6639-MABM,48,22.24,5918.14,One year,Yes
9450-SSXL,69,56.04,508.09,Two year,No
7290-IUWF,62,98.37,489.43,Month-to-month,No
4018-UYLN,66,76.62,3151.67,Month-to-month,No
4639-QBPS,64,51.28,2892.44,One year,No
4921-HICE,70,85.43,2593.5,One year,No
8140-UUXU,63,43.2,3979.06,One year,No
0136-VFLS,33,21.44,2633.8,Two year,Yes
9117-YOLJ,41,96.44,1618.84,Two year,No
6056-QCMH,48,82.37,2544.81,Month-to-month,No
5402-YJKX,13,96.23,7801.74,Two year,Yes
9811-ORLZ,31,23.89,3347.8,Month-to-month,No
3207-EKOG,68,103.71,3613.23,Two year,Yes
1170-BUCR,4,81.95,4654.71,Month-to-month,No
5081-XWUE,19,76.34,7868.39,One year,Yes
4403-QOUD,70,82.46,2008.65,Two year,No
1580-NZOG,13,106.44,5482.13,Month-to-month,No
7832-GBLW,23,78.69,5756.28,Two year,No
7069-KPWT,1,78.1,4897.86,One year,No
1678-QTEP,54,119.07,799.77,Month-to-month,No
2740-BCXD,71,95.67,5447.29,Two year,No
6334-UXHN,15,64.23,606.35,Two year,Yes
3395-KWRS,65,90.74,4809.53,One year,No
9665-MCMI,71,58.92,5942.69,One year,No
5622-HHNI,15,42.89,1766.66,Month-to-month,No
9953-HVNK,21,79.69,6748.81,Two year,Yes
2467-XDUH,19,112.82,339.8,Two year,No
6353-UPES,60,112.91,6766.12,One year,No
8627-VEQM,33,54.19,3736.6,One year,No
2425-NDPG,49,72.77,1818.94,Month-to-month,No
9890-EYYL,35,41.16,1156.85,Two year,Yes
9525-FBLZ,44,119.56,7631.13,Two year,No
5431-EJUB,11,118.11,674.06,Month-to-month,Yes
8252-UYRF,72,84.95,1672.84,Month-to-month,Yes
8503-QHLF,66,100.44,2847.8,One year,No
6525-VDOI,46,91.51,4999.86,One year,Yes
2882-QYCT,9,79.32,4403.93,Month-to-month,Yes
9240-VFLE,3,25.33,1092.58,Month-to-month,No
1212-IPPK,26,65.48,2388.85,Two year,No
2107-LTJP,72,87.48,1986.14,Month-to-month,No
3528-MUNI,48,87.75,1786.99,Month-to-month,No
4686-JSPS,66,57.31,3348.04,Two year,No
3723-KGHG,70,114.17,5661.85,Month-to-month,Yes
6409-GSLU,28,36.74,1817.88,One year,No
3334-SXCG,26,70.04,2996.76,One year,No
2394-EWQP,25,89.09,3188.25,Two year,No
8893-TCXC,12,89.71,7814.01,Month-to-month,Yes
6009-LHWH,5,84.86,7641.86,One year,No
9235-GCBR,48,47.53,6421.09,One year,No
7991-OYXG,37,35.62,2009.11,One year,No
8170-CVED,44,83.59,637.49,One year,No
4771-YGAW,15,79.93,2603.54,Month-to-month,No
7505-BDBE,43,37.94,2207.68,Month-to-month,Yes
1885-HGEC,48,90.51,4096.81,Month-to-month,No
2670-JALU,70,65.52,6244.05,Month-to-month,No
6354-NZYJ,46,86.78,6880.75,One year,Yes
6777-NKNM,43,103.74,6774.43,Two year,Yes
8253-HPKJ,21,36.97,2941.44,Two year,Yes
3310-LQDW,23,21.91,5529.15,One year,Yes
7763-GAFL,47,97.91,2571.39,One year,No
4448-MKBY,15,80.97,581.15,Two year,No
8920-MKQL,25,89.96,5642.37,Two year,No
5354-YWMJ,36,103.82,177.64,One year,No
1919-DSHA,51,100.28,3332.54,One year,No
2504-ULQH,15,116.09,2702.1,Month-to-month,No
0514-MTAU,68,73.59,5577.68,Month-to-month,Yes
7509-YJRL,21,68.85,6153.34,Two year,No
7219-CJKB,13,60.19,2502.35,One year,No
3915-KVDO,19,35.37,6511.85,Two year,Yes
2900-WGMB,34,77.26,2421.94,Month-to-month,No
4994-CLXQ,68,47.7,3625.98,Month-to-month,No
9892-OXVI,52,112.13,5843.45,Two year,No
6568-PRUU,27,78.32,5574.07,Month-to-month,Yes
2842-YHZZ,29,79.28,7900.21,One year,No
0582-VOVF,28,55.49,1878.77,Two year,No
9410-OJTK,35,25.2,5332.31,One year,No
3014-YBIX,8,23.17,4916.49,One year,Yes
4814-AYDG,16,62.33,7329.28,Month-to-month,No
8495-KWHP,36,28.46,1335.26,One year,Yes
1133-CCUA,30,80.68,6039.21,Two year,No
5409-VQZA,18,108.1,4589.32,One year,No
1193-RVJO,2,108.29,2269.86,One year,Yes
0830-PZPV,49,85.9,3848.04,One year,Yes
1139-CPQN,4,41.12,2736.84,One year,No
8206-GQSC,7,106.3,4676.58,One year,No
6608-RSVJ,39,108.61,7123.1,Month-to-month,Yes
5274-UGZI,13,39.67,4597.51,Two year,No
3211-CPDC,31,93.74,5090.61,Month-to-month,No
4107-RPSL,71,48.65,4198.11,Two year,No
1695-PYFM,63,100.26,504.21,Two year,Yes
0110-AWGE,56,119.72,1939.58,Two year,No
4637-IDIZ,42,23.0,3986.81,Two year,No
4395-SAUY,61,109.74,2550.86,Two year,No
4491-WGPY,42,82.26,1535.93,One year,No
9747-QSUJ,56,117.34,4082.65,Month-to-month,Yes
0485-FIRT,36,66.5,2650.2,Month-to-month,No
5589-PPLY,68,104.74,2139.05,One year,No
8475-OTBI,7,26.24,3765.48,Two year,No
4674-WYXP,54,53.53,1152.95,Month-to-month,No
2354-HQBF,1,26.7,7429.19,One year,No
9225-BYLK,44,117.53,6954.85,One year,Yes
4982-VOKN,45,101.7,5690.2,Month-to-month,No
9763-PBZF,47,105.25,939.09,Month-to-month,Yes
6212-ZOIO,13,113.8,6229.43,Two year,No
2606-YADT,22,28.51,6482.86,Two year,No
2664-XFEC,21,58.56,6165.34,Month-to-month,No
9355-BZWW,9,27.1,1000.33,Two year,No
0277-YZCL,26,41.08,5186.87,One year,No
1774-DRHC,9,42.94,6691.17,Two year,No
7331-YSXQ,15,66.91,4661.09,Two year,No
9791-INRF,10,46.86,5206.62,One year,No
9733-KTCN,42,30.1,3721.07,Two year,No
8216-UTBZ,72,36.75,4276.79,One year,Yes
2694-UKQF,24,34.73,371.58,Two year,Yes
0403-ZYQK,49,117.31,5147.81,Month-to-month,Yes
8980-VPOD,26,95.93,743.43,Two year,Yes
1497-IQAV,37,116.78,3536.62,Month-to-month,No
3382-WBHZ,68,63.97,2411.98,Month-to-month,No
1231-IKBN,50,47.84,4408.88,Month-to-month,No
0320-ZISW,24,99.83,1153.99,Month-to-month,Yes
9683-CGIX,19,52.63,5563.98,Month-to-month,No
1282-HVOO,60,49.94,6380.59,One year,No
8855-RHOH,39,43.25,1390.5,One year,Yes
8709-KRGB,18,32.97,924.07,One year,No
0951-MMJO,19,45.65,1249.57,Month-to-month,No
2557-CEQO,36,55.53,7029.31,Two year,No
8602-SEYW,55,87.4,4272.7,One year,No
5905-HUUE,69,26.26,3791.36,Two year,No
5026-FNIK,47,41.05,943.02,Two year,Yes
5922-WDKQ,49,100.9,5231.49,Month-to-month,No
4941-GDEQ,33,34.69,6957.2,Month-to-month,Yes
1610-ZTTR,21,54.26,6642.67,Month-to-month,No
1295-QSVA,22,106.47,5045.83,One year,No
1217-UWIK,48,35.49,694.7,Month-to-month,No
6642-QFJW,37,28.27,987.94,One year,No
8649-LGLE,15,68.45,489.54,One year,No
7875-FCHH,35,50.24,2134.09,One year,Yes
1747-BLHF,71,76.34,1171.73,One year,No
2889-HMLD,32,100.38,2154.38,Month-to-month,No
7639-OQDG,11,33.71,3141.96,One year,No
3208-NIKB,10,78.07,7549.56,Month-to-month,No
9182-GYYW,57,70.55,4921.97,Month-to-month,Yes
5996-ZAYI,25,34.41,6696.29,One year,Yes
6550-FCHT,2,82.4,5711.78,Month-to-month,No
2856-RYOJ,64,47.36,988.77,Two year,No
3683-WJTN,35,68.78,5913.77,Month-to-month,Yes
4456-CXGW,7,28.23,2273.28,Month-to-month,No
2490-RZLD,18,65.96,5148.95,One year,No
7202-XKZQ,67,50.65,2793.6,One year,Yes
8809-PCGP,42,102.24,7981.61,Month-to-month,No
7924-HETS,39,25.7,2182.06,One year,No
9497-XCNF,41,61.86,2305.13,Two year,No
5069-TOET,24,65.84,7452.31,Two year,No
9561-VGBE,60,92.5,294.69,One year,No
8120-LQAS,46,77.43,5603.84,Month-to-month,No
7377-VLRV,19,86.72,5830.08,Two year,Yes
1310-EVKC,68,97.7,6707.39,Two year,Yes
1044-SESS,42,106.22,7798.07,Month-to-month,No
8595-ZPIL,32,51.39,7807.26,One year,No
8562-LEVL,39,73.8,615.69,Two year,Yes
3697-VFHU,36,104.01,6592.53,Month-to-month,No
4057-DBTN,36,118.95,5205.85,Month-to-month,Yes
8536-SVBE,3,108.95,5214.0,Two year,No
8720-WOBO,8,57.15,1113.96,One year,No
0502-OVBM,70,39.52,5236.48,Two year,No
8176-CDLK,41,68.94,7861.61,Month-to-month,No
6074-RZIA,68,94.16,7303.37,Two year,Yes
0060-VAIT,13,69.26,3569.13,One year,No
8501-YCUO,49,68.32,415.59,Month-to-month,No
3776-SZIR,60,103.82,2962.12,One year,No
7522-EODR,2,56.14,6628.48,Two year,Yes
5257-DVHQ,60,105.98,5641.84,Two year,No
0304-APAG,5,60.68,3728.81,One year,Yes
2333-NNKO,44,52.82,535.3,Two year,No
2122-IRJV,27,65.4,3472.47,One year,No
7307-QBFK,32,96.24,3805.3,Two year,No
8567-AQQY,21,32.6,7435.59,One year,No
9102-BDKV,8,39.64,5164.58,One year,Yes
1550-QGWE,72,115.14,2562.06,Month-to-month,Yes
9495-JTNB,50,37.55,4250.01,Month-to-month,No
2106-QHEO,67,76.77,621.84,One year,Yes
6741-GKSJ,44,77.93,7783.29,Two year,Yes
7523-UCWV,58,68.96,2944.47,Two year,No
2933-TTWB,3,84.47,3875.15,Two year,Yes
4263-RHYX,70,42.98,2906.74,One year,No
0034-HHOV,2,75.27,5491.84,One year,Yes
5977-JONE,44,57.22,5331.63,One year,No
9394-VBRA,2,86.17,5751.05,One year,No
6082-XFTJ,35,34.12,2218.33,Month-to-month,No
8237-KFDC,30,77.09,2593.78,One year,Yes
0557-UOPF,8,38.53,1089.48,Two year,No
5612-KIFW,22,47.86,5278.53,Month-to-month,No
8799-PNTI,44,41.87,414.4,Two year,No
3454-OWXA,58,38.28,4821.69,One year,No
1890-CUCD,36,102.57,6970.6,Month-to-month,No
5923-MSGH,69,48.57,7137.57,One year,Yes
9174-AQFJ,31,112.71,3647.4,Month-to-month,No
7103-BDNU,47,116.99,3728.5,Two year,No
2523-MVPT,55,77.13,708.06,One year,No
4179-PNBL,62,34.3,5399.04,One year,Yes
3409-SWHN,30,57.45,6587.95,Month-to-month,No
4786-UIMK,55,99.77,2032.77,Month-to-month,No
4706-DDUA,16,56.74,3428.28,One year,Yes
0195-FKWC,12,28.7,6726.83,Month-to-month,Yes
8014-ITCE,17,75.68,7029.25,One year,Yes
2838-NEOM,16,104.51,2021.12,Month-to-month,No
8459-QZVH,12,99.59,4449.51,Two year,Yes
9135-UZUI,8,37.51,1620.7,Month-to-month,No
2897-NKFQ,3,87.28,904.84,Two year,No
6113-RAVN,16,42.05,7297.85,Month-to-month,No
9502-OYSL,30,41.82,6582.01,Month-to-month,No
2845-OYKQ,23,107.41,6104.28,One year,Yes
8868-QTTR,5,44.97,485.25,Month-to-month,No
7805-DUPQ,65,46.32,6765.46,Month-to-month,No
5152-UXOU,30,20.07,3560.55,Two year,No
8981-VUFU,21,107.07,2804.92,Month-to-month,Yes
7459-BQAO,70,99.26,4417.16,One year,No
1644-XQEF,22,82.73,821.69,Two year,No
5926-IRXQ,72,95.03,6077.51,One year,No
8565-AVHA,32,35.2,4701.24,One year,No
3469-XOLA,33,65.83,1574.06,One year,No
8747-ODRC,16,55.12,1587.03,One year,Yes
5536-YFOV,38,29.38,1555.56,Two year,No
0887-UIIY,14,68.61,550.32,Month-to-month,No
1873-DPUW,36,112.07,4743.61,One year,No
2888-ETAR,23,24.01,6738.75,Two year,Yes
5693-ZDZK,66,49.15,238.24,One year,No
2016-VVAY,2,40.75,487.14,Month-to-month,Yes
3060-QBTB,65,43.81,4624.89,Two year,No
4161-PLKD,67,110.84,6574.02,Two year,No
7220-MLHE,52,66.81,2681.24,Month-to-month,Yes
7414-WRPI,62,66.63,2861.95,Two year,No
5087-VXYZ,23,96.06,4811.14,Month-to-month,No
5907-AYRG,26,35.45,2266.28,Two year,No
9140-DYJY,68,68.73,310.21,Two year,No
2944-YMFZ,55,63.0,5908.31,Month-to-month,No
9601-JFKV,6,79.69,5042.63,Month-to-month,No
9345-ZJEL,35,119.96,4687.97,Two year,Yes
8535-SEPB,22,96.94,5959.3,Two year,No
8208-LHBL,43,59.79,5434.32,Month-to-month,No
6835-YXTM,15,102.76,1726.47,Month-to-month,No
5908-QWXP,60,37.07,2884.6,Two year,No
8115-ZEOT,12,23.05,1096.27,Two year,No
4762-LVWO,49,40.44,1125.87,Two year,No
8816-IAFT,42,54.04,5441.95,Month-to-month,Yes
9075-SLRZ,38,71.06,6882.94,Two year,No
4749-GKUD,45,81.51,7705.59,One year,No
7305-CVEQ,35,111.06,5063.94,Month-to-month,No
3196-RAIZ,30,70.99,1554.4,Two year,No
9641-BQYB,30,70.13,934.64,Month-to-month,No
5334-PBPU,6,25.02,6521.52,One year,No
2462-OAEX,67,23.49,4672.18,Month-to-month,No
0306-SROZ,7,75.12,4984.45,Two year,No
5652-DWIT,52,63.82,6273.55,One year,No
5662-LOLV,14,103.92,5655.89,One year,No
9643-EXKK,15,36.07,6692.22,Two year,No
1760-QHUZ,21,22.5,544.09,Two year,No
0694-NJDQ,35,64.9,6005.41,Two year,No
9571-VIOM,66,43.75,6821.74,Month-to-month,No
7756-AQRU,2,24.96,2360.47,Month-to-month,No
3686-WTKS,35,92.46,5159.53,Month-to-month,No
3406-EXET,20,31.16,2581.88,Two year,No
8215-LKDV,10,80.83,7667.97,Two year,No
6129-RTWU,25,48.1,364.05,Month-to-month,No
8295-XOCK,66,37.35,4680.36,One year,Yes
2691-TSYE,25,57.98,1415.38,Month-to-month,No
9391-YFSI,54,100.14,5726.54,One year,No
6618-YCSJ,33,59.21,1489.53,Two year,No
0659-YOAI,36,95.08,1959.53,Two year,No
4682-FQDR,14,32.55,4005.53,Month-to-month,Yes
5591-MMBN,65,97.28,7327.2,Month-to-month,Yes
7520-VFHI,54,43.69,1772.54,Two year,Yes
4331-SJXV,52,87.74,1239.5,Month-to-month,No
4852-LWBY,3,76.58,6095.92,Two year,No
2866-CYUA,41,112.91,4054.89,Two year,No
3469-DPMB,6,58.73,7303.1,One year,No
7142-DVNW,25,26.62,1258.26,Month-to-month,No
3113-VVLB,13,21.92,5202.83,Two year,Yes
3757-LLHE,8,102.69,1939.75,Month-to-month,Yes
4337-ROIP,21,72.47,1338.41,One year,No
9737-PEDY,68,97.52,5499.09,One year,No
9984-IDWW,25,43.44,4790.11,Month-to-month,No
0832-QGYD,68,54.51,6063.14,Month-to-month,No
8887-WBAI,45,23.01,2544.75,Two year,No
0265-ECHW,60,116.15,3638.98,One year,Yes
5359-MMWZ,12,86.79,3303.23,One year,No
2464-YQDA,32,113.32,7874.31,One year,No
3571-JFYN,13,46.55,2408.77,Month-to-month,No
8158-TEBF,31,81.15,2429.06,Two year,No
1803-CJAC,20,87.85,2900.93,Month-to-month,No
2217-MAEM,18,51.75,4560.29,Month-to-month,No
5047-XMIT,60,104.81,2093.35,Month-to-month,Yes
3643-WYIQ,63,114.72,7330.79,Two year,No
5764-XOSK,6,108.49,2198.92,Month-to-month,Yes
5141-MBRF,32,93.91,7176.94,One year,No
7796-ZYYI,43,47.75,917.45,One year,No
1556-TWYT,2,48.16,5286.85,One year,No
7656-GOGE,60,116.34,7265.19,Two year,No
6725-XFOI,23,21.03,1433.12,Month-to-month,Yes
4467-WFVH,31,91.6,7749.78,Two year,Yes
9522-VUPS,5,90.62,3677.78,Month-to-month,No
1488-LEEB,34,82.27,7571.15,One year,Yes
0294-NMCM,10,119.01,5446.88,Month-to-month,No
8355-XGDV,2,51.19,2482.54,Month-to-month,Yes
7073-UWOE,11,54.0,1587.59,Month-to-month,No
8256-YXNN,50,27.89,2499.51,Two year,No
5327-SJNE,31,64.28,834.84,Month-to-month,No
6308-TZTF,56,46.1,1236.56,Month-to-month,No
2396-VWOC,9,54.34,926.82,Month-to-month,No
0812-SXWA,21,103.46,3441.25,Two year,No
1577-PJAH,28,113.55,6385.07,Two year,Yes
4671-PFAK,62,38.57,1216.93,Two year,No
4250-ZDBD,7,57.25,1129.53,Month-to-month,No
1216-SLMR,16,112.86,5183.09,One year,No
0670-CKDE,4,26.18,1657.75,One year,No
1747-RYTY,4,29.24,871.12,One year,No
1670-OLIN,40,36.28,1418.1,Month-to-month,No
6488-UCTH,17,79.52,7397.48,One year,No
1276-QDIA,52,35.05,6589.62,One year,No
6912-DVPS,52,116.81,2897.11,One year,No
3978-BTRU,36,64.67,5280.98,Month-to-month,No
2651-SMAC,38,70.15,4344.48,One year,Yes
9124-JIJH,50,44.67,5449.28,One year,No
9209-XUAZ,63,67.1,5493.1,Month-to-month,No
9431-GMBP,63,86.19,5067.0,Two year,No
0794-WAFD,62,95.12,2202.2,One year,No
2693-GWVR,7,95.39,408.15,Two year,No
6272-GDQX,27,77.79,3698.98,One year,No
4496-JXIB,14,110.44,7138.69,Month-to-month,No
4693-LEGM,71,101.74,4599.03,Two year,No
1824-COTU,5,95.7,6675.89,Two year,No
5009-UOCK,55,25.56,7933.83,Two year,No
7015-ONVR,2,20.69,1392.57,Two year,No
4107-ZSMF,62,41.24,5565.04,One year,No
0424-FCBW,21,86.35,5426.92,One year,Yes
3523-UESA,21,61.12,7841.65,Two year,No
5155-JLLG,10,60.24,7886.25,One year,No
0101-RWFK,58,108.46,5524.76,Two year,No
8942-LKVC,39,109.56,2024.56,Two year,No
5586-MAZK,5,110.92,6408.59,Month-to-month,No
4335-TUBP,65,51.39,945.53,Two year,No
6120-RPOY,13,89.11,6267.52,One year,No
0778-QHAG,53,47.16,7290.55,Two year,Yes
